-- MySQL dump 10.13  Distrib 8.0.31, for Linux (x86_64)
--
-- Host: localhost    Database: procon2022
-- ------------------------------------------------------
-- Server version	8.0.31-0ubuntu0.20.04.1

/*!40101 SET @OLD_CHARACTER_SET_CLIENT=@@CHARACTER_SET_CLIENT */;
/*!40101 SET @OLD_CHARACTER_SET_RESULTS=@@CHARACTER_SET_RESULTS */;
/*!40101 SET @OLD_COLLATION_CONNECTION=@@COLLATION_CONNECTION */;
/*!50503 SET NAMES utf8mb4 */;
/*!40103 SET @OLD_TIME_ZONE=@@TIME_ZONE */;
/*!40103 SET TIME_ZONE='+00:00' */;
/*!40014 SET @OLD_UNIQUE_CHECKS=@@UNIQUE_CHECKS, UNIQUE_CHECKS=0 */;
/*!40014 SET @OLD_FOREIGN_KEY_CHECKS=@@FOREIGN_KEY_CHECKS, FOREIGN_KEY_CHECKS=0 */;
/*!40101 SET @OLD_SQL_MODE=@@SQL_MODE, SQL_MODE='NO_AUTO_VALUE_ON_ZERO' */;
/*!40111 SET @OLD_SQL_NOTES=@@SQL_NOTES, SQL_NOTES=0 */;

--
-- Table structure for table `answer`
--

DROP TABLE IF EXISTS `answer`;
/*!40101 SET @saved_cs_client     = @@character_set_client */;
/*!50503 SET character_set_client = utf8mb4 */;
CREATE TABLE `answer` (
  `id` int NOT NULL AUTO_INCREMENT,
  `answer_data` text,
  `score_data` text,
  `createdAt` datetime NOT NULL,
  `updatedAt` datetime NOT NULL,
  `match_id` int NOT NULL,
  `team_id` int NOT NULL,
  `question_id` int NOT NULL,
  PRIMARY KEY (`id`),
  UNIQUE KEY `Items_unique` (`team_id`,`question_id`),
  KEY `match_id` (`match_id`),
  KEY `question_id` (`question_id`),
  CONSTRAINT `answer_ibfk_1` FOREIGN KEY (`match_id`) REFERENCES `match` (`id`) ON DELETE CASCADE ON UPDATE CASCADE,
  CONSTRAINT `answer_ibfk_2` FOREIGN KEY (`team_id`) REFERENCES `team` (`id`) ON DELETE CASCADE ON UPDATE CASCADE,
  CONSTRAINT `answer_ibfk_3` FOREIGN KEY (`question_id`) REFERENCES `question` (`id`) ON DELETE CASCADE ON UPDATE CASCADE
) ENGINE=InnoDB AUTO_INCREMENT=104 DEFAULT CHARSET=utf8mb4 COLLATE=utf8mb4_0900_ai_ci;
/*!40101 SET character_set_client = @saved_cs_client */;

--
-- Dumping data for table `answer`
--

LOCK TABLES `answer` WRITE;
/*!40000 ALTER TABLE `answer` DISABLE KEYS */;
INSERT INTO `answer` VALUES (1,'[\"E12\",\"E32\",\"J19\"]','{\"answer_uuid\":\"6058336b-ec78-44f1-8208-bec4771384f514\",\"received_ids\":2,\"score_data\":{\"card_selected\":[\"E12\",\"E32\",\"J19\"],\"changed\":3,\"mse\":1.3049048483513053,\"parts_needed\":2,\"score\":{\"final_bonus_factor\":0,\"final_score\":24,\"max_score\":45,\"penalties\":6,\"raw_score\":30}}}','2022-12-08 00:32:20','2022-12-08 00:34:05',21,14,21),(2,'[\"E12\",\"E32\",\"J19\"]','{\"answer_uuid\":\"6058336b-ec78-44f1-8208-bec4771384f520\",\"received_ids\":2,\"score_data\":{\"card_selected\":[\"E12\",\"E32\",\"J19\"],\"changed\":3,\"mse\":1.3049048483513053,\"parts_needed\":2,\"score\":{\"final_bonus_factor\":0,\"final_score\":24,\"max_score\":45,\"penalties\":6,\"raw_score\":30}}}','2022-12-08 00:32:26','2022-12-08 00:33:55',21,20,21),(3,'[\"E12\",\"E32\",\"J19\"]','{\"answer_uuid\":\"6058336b-ec78-44f1-8208-bec4771384f511\",\"received_ids\":1,\"score_data\":{\"card_selected\":[\"E12\",\"E32\",\"J19\"],\"changed\":0,\"mse\":1.3049048483513053,\"parts_needed\":1,\"score\":{\"final_bonus_factor\":0.5,\"final_score\":45,\"max_score\":45,\"penalties\":0,\"raw_score\":30}}}','2022-12-08 00:32:45','2022-12-08 00:32:45',21,11,21),(4,'[\"E02\",\"E13\",\"J43\"]','{\"answer_uuid\":\"6058336b-ec78-44f1-8208-bec4771384f53\",\"received_ids\":2,\"score_data\":{\"card_selected\":[\"E02\",\"E13\",\"J43\"],\"changed\":0,\"correct\":0,\"mse\":7.771197359053595,\"parts_needed\":2,\"score\":{\"final_bonus_factor\":0,\"final_score\":0,\"max_score\":45,\"penalties\":0,\"raw_score\":0}}}','2022-12-08 00:32:47','2022-12-08 00:32:47',21,3,21),(5,'[\"E12\",\"E13\",\"E32\"]','{\"answer_uuid\":\"6058336b-ec78-44f1-8208-bec4771384f52\",\"received_ids\":2,\"score_data\":{\"card_selected\":[\"E12\",\"E13\",\"E32\"],\"changed\":2,\"mse\":4.46834885577107,\"parts_needed\":2,\"score\":{\"final_bonus_factor\":0,\"final_score\":16,\"max_score\":45,\"penalties\":4,\"raw_score\":20}}}','2022-12-08 00:34:12','2022-12-08 00:37:05',21,2,21),(6,'[\"E12\",\"E32\",\"J19\"]','{\"answer_uuid\":\"6058336b-ec78-44f1-8208-bec4771384f56\",\"received_ids\":2,\"score_data\":{\"card_selected\":[\"E12\",\"E32\",\"J19\"],\"changed\":5,\"mse\":1.3049048483513053,\"parts_needed\":2,\"score\":{\"final_bonus_factor\":0,\"final_score\":20,\"max_score\":45,\"penalties\":10,\"raw_score\":30}}}','2022-12-08 00:35:20','2022-12-08 00:47:52',21,6,21),(7,'[\"J01\",\"J01\",\"J01\"]','{\"answer_uuid\":\"6058336b-ec78-44f1-8208-bec4771384f521\",\"received_ids\":2,\"score_data\":{\"card_selected\":[\"J01\",\"J01\",\"J01\"],\"changed\":21,\"correct\":0,\"mse\":7.301758053581429,\"parts_needed\":2,\"score\":{\"final_bonus_factor\":0,\"final_score\":-42,\"max_score\":45,\"penalties\":42,\"raw_score\":0}}}','2022-12-08 00:35:23','2022-12-08 00:54:01',21,21,21),(8,'[\"E12\",\"E32\",\"J19\"]','{\"answer_uuid\":\"6058336b-ec78-44f1-8208-bec4771384f515\",\"received_ids\":1,\"score_data\":{\"card_selected\":[\"E12\",\"E32\",\"J19\"],\"changed\":0,\"mse\":1.3049048483513053,\"parts_needed\":1,\"score\":{\"final_bonus_factor\":0.5,\"final_score\":45,\"max_score\":45,\"penalties\":0,\"raw_score\":30}}}','2022-12-08 00:36:39','2022-12-08 00:36:39',21,15,21),(9,'[\"E12\",\"E32\",\"J19\"]','{\"answer_uuid\":\"6058336b-ec78-44f1-8208-bec4771384f525\",\"received_ids\":1,\"score_data\":{\"card_selected\":[\"E12\",\"E32\",\"J19\"],\"changed\":0,\"mse\":1.3049048483513053,\"parts_needed\":1,\"score\":{\"final_bonus_factor\":0.5,\"final_score\":45,\"max_score\":45,\"penalties\":0,\"raw_score\":30}}}','2022-12-08 00:37:54','2022-12-08 00:37:54',21,25,21),(11,'[\"J19\",\"J21\",\"J23\"]','{\"answer_uuid\":\"6058336b-ec78-44f1-8208-bec4771384f522\",\"received_ids\":2,\"score_data\":{\"card_selected\":[\"J19\",\"J21\",\"J23\"],\"changed\":2,\"mse\":4.319638439657827,\"parts_needed\":2,\"score\":{\"final_bonus_factor\":0,\"final_score\":6,\"max_score\":45,\"penalties\":4,\"raw_score\":10}}}','2022-12-08 00:40:03','2022-12-08 00:40:50',21,22,21),(12,'[\"E01\",\"E02\",\"E03\"]','{\"answer_uuid\":\"6058336b-ec78-44f1-8208-bec4771384f51\",\"received_ids\":1,\"score_data\":{\"card_selected\":[\"E01\",\"E02\",\"E03\"],\"changed\":0,\"correct\":0,\"mse\":8.593004415444062,\"parts_needed\":1,\"score\":{\"final_bonus_factor\":0.5,\"final_score\":0,\"max_score\":45,\"penalties\":0,\"raw_score\":0}}}','2022-12-08 00:40:43','2022-12-08 00:40:43',21,1,21),(13,'[\"E12\",\"E32\",\"J19\"]','{\"answer_uuid\":\"6058336b-ec78-44f1-8208-bec4771384f524\",\"received_ids\":2,\"score_data\":{\"card_selected\":[\"E12\",\"E32\",\"J19\"],\"changed\":3,\"mse\":1.3049048483513053,\"parts_needed\":2,\"score\":{\"final_bonus_factor\":0,\"final_score\":24,\"max_score\":45,\"penalties\":6,\"raw_score\":30}}}','2022-12-08 00:41:31','2022-12-08 00:46:45',21,24,21),(14,'[\"E16\",\"E24\",\"E32\"]','{\"answer_uuid\":\"6058336b-ec78-44f1-8208-bec4771384f510\",\"received_ids\":1,\"score_data\":{\"card_selected\":[\"E16\",\"E24\",\"E32\"],\"changed\":6,\"mse\":7.64070687838593,\"parts_needed\":1,\"score\":{\"final_bonus_factor\":0.5,\"final_score\":-3,\"max_score\":45,\"penalties\":12,\"raw_score\":10}}}','2022-12-08 00:43:37','2022-12-08 00:49:12',21,10,21),(15,'[\"E32\",\"E37\",\"J32\"]','{\"answer_uuid\":\"6058336b-ec78-44f1-8208-bec4771384f58\",\"received_ids\":1,\"score_data\":{\"card_selected\":[\"E32\",\"E37\",\"J32\"],\"changed\":5,\"mse\":6.420953349060232,\"parts_needed\":1,\"score\":{\"final_bonus_factor\":0.5,\"final_score\":0,\"max_score\":45,\"penalties\":10,\"raw_score\":10}}}','2022-12-08 00:45:58','2022-12-08 00:52:13',21,8,21),(16,'[\"E12\",\"E32\",\"J19\"]','{\"answer_uuid\":\"6058336b-ec78-44f1-8208-bec4771384f523\",\"received_ids\":1,\"score_data\":{\"card_selected\":[\"E12\",\"E32\",\"J19\"],\"changed\":0,\"mse\":1.3049048483513053,\"parts_needed\":1,\"score\":{\"final_bonus_factor\":0.5,\"final_score\":45,\"max_score\":45,\"penalties\":0,\"raw_score\":30}}}','2022-12-08 00:47:26','2022-12-08 00:47:26',21,23,21),(17,'[\"E01\",\"E02\",\"E32\"]','{\"answer_uuid\":\"6058336b-ec78-44f1-8208-bec4771384f59\",\"received_ids\":1,\"score_data\":{\"card_selected\":[\"E01\",\"E02\",\"E32\"],\"changed\":1,\"mse\":6.223649118834465,\"parts_needed\":1,\"score\":{\"final_bonus_factor\":0.5,\"final_score\":12,\"max_score\":45,\"penalties\":2,\"raw_score\":10}}}','2022-12-08 00:48:21','2022-12-08 00:50:35',21,9,21),(18,'[\"E14\",\"E34\",\"J10\"]','{\"answer_uuid\":\"6904ae4e-8e38-4e21-924a-c7c39a4c596a21\",\"received_ids\":1,\"score_data\":{\"card_selected\":[\"E14\",\"E34\",\"J10\"],\"changed\":75,\"mse\":4.297153413715724,\"parts_needed\":1,\"score\":{\"final_bonus_factor\":0,\"final_score\":22,\"max_score\":30,\"penalties\":8,\"raw_score\":30}}}','2022-12-08 01:00:27','2022-12-08 01:00:29',1,21,1),(19,'[\"E14\",\"E34\",\"J10\"]','{\"answer_uuid\":\"6904ae4e-8e38-4e21-924a-c7c39a4c596a23\",\"received_ids\":1,\"score_data\":{\"card_selected\":[\"E14\",\"E34\",\"J10\"],\"changed\":0,\"mse\":4.297153413715724,\"parts_needed\":1,\"score\":{\"final_bonus_factor\":0,\"final_score\":30,\"max_score\":30,\"penalties\":0,\"raw_score\":30}}}','2022-12-08 01:00:30','2022-12-08 01:00:30',1,23,1),(20,'[\"E14\",\"E34\",\"J10\"]','{\"answer_uuid\":\"6904ae4e-8e38-4e21-924a-c7c39a4c596a11\",\"received_ids\":1,\"score_data\":{\"card_selected\":[\"E14\",\"E34\",\"J10\"],\"changed\":0,\"mse\":4.297153413715724,\"parts_needed\":1,\"score\":{\"final_bonus_factor\":0,\"final_score\":30,\"max_score\":30,\"penalties\":0,\"raw_score\":30}}}','2022-12-08 01:00:36','2022-12-08 01:00:36',1,11,1),(21,'[\"E23\",\"E35\",\"J23\"]','{\"answer_uuid\":\"6904ae4e-8e38-4e21-924a-c7c39a4c596a22\",\"received_ids\":2,\"score_data\":{\"card_selected\":[\"E23\",\"E35\",\"J23\"],\"changed\":3,\"correct\":0,\"mse\":9.743158610737241,\"parts_needed\":2,\"score\":{\"final_bonus_factor\":0,\"final_score\":0,\"max_score\":30,\"penalties\":0,\"raw_score\":0}}}','2022-12-08 01:00:36','2022-12-08 01:02:00',1,22,1),(22,'[\"E34\",\"J10\",\"J15\"]','{\"answer_uuid\":\"6904ae4e-8e38-4e21-924a-c7c39a4c596a14\",\"received_ids\":1,\"score_data\":{\"card_selected\":[\"E34\",\"J10\",\"J15\"],\"changed\":0,\"mse\":5.350177354329052,\"parts_needed\":1,\"score\":{\"final_bonus_factor\":0,\"final_score\":20,\"max_score\":30,\"penalties\":0,\"raw_score\":20}}}','2022-12-08 01:00:42','2022-12-08 01:00:42',1,14,1),(23,'[\"E10\",\"E24\",\"J43\"]','{\"answer_uuid\":\"6904ae4e-8e38-4e21-924a-c7c39a4c596a6\",\"received_ids\":1,\"score_data\":{\"card_selected\":[\"E10\",\"E24\",\"J43\"],\"changed\":3,\"correct\":0,\"mse\":10.349026422265553,\"parts_needed\":1,\"score\":{\"final_bonus_factor\":0,\"final_score\":0,\"max_score\":30,\"penalties\":0,\"raw_score\":0}}}','2022-12-08 01:00:47','2022-12-08 01:02:53',1,6,1),(24,'[\"E14\",\"E34\",\"J10\"]','{\"answer_uuid\":\"6904ae4e-8e38-4e21-924a-c7c39a4c596a24\",\"received_ids\":1,\"score_data\":{\"card_selected\":[\"E14\",\"E34\",\"J10\"],\"changed\":0,\"mse\":4.297153413715724,\"parts_needed\":1,\"score\":{\"final_bonus_factor\":0,\"final_score\":30,\"max_score\":30,\"penalties\":0,\"raw_score\":30}}}','2022-12-08 01:01:02','2022-12-08 01:01:02',1,24,1),(25,'[\"E14\",\"E34\",\"J10\"]','{\"answer_uuid\":\"6904ae4e-8e38-4e21-924a-c7c39a4c596a2\",\"received_ids\":1,\"score_data\":{\"card_selected\":[\"E14\",\"E34\",\"J10\"],\"changed\":0,\"mse\":4.297153413715724,\"parts_needed\":1,\"score\":{\"final_bonus_factor\":0,\"final_score\":30,\"max_score\":30,\"penalties\":0,\"raw_score\":30}}}','2022-12-08 01:01:07','2022-12-08 01:01:07',1,2,1),(27,'[\"E14\",\"E34\",\"J10\"]','{\"answer_uuid\":\"6904ae4e-8e38-4e21-924a-c7c39a4c596a25\",\"received_ids\":1,\"score_data\":{\"card_selected\":[\"E14\",\"E34\",\"J10\"],\"changed\":0,\"mse\":4.297153413715724,\"parts_needed\":1,\"score\":{\"final_bonus_factor\":0,\"final_score\":30,\"max_score\":30,\"penalties\":0,\"raw_score\":30}}}','2022-12-08 01:01:13','2022-12-08 01:01:13',1,25,1),(28,'[\"E14\",\"E34\",\"J10\"]','{\"answer_uuid\":\"6904ae4e-8e38-4e21-924a-c7c39a4c596a18\",\"received_ids\":1,\"score_data\":{\"card_selected\":[\"E14\",\"E34\",\"J10\"],\"changed\":0,\"mse\":4.297153413715724,\"parts_needed\":1,\"score\":{\"final_bonus_factor\":0,\"final_score\":30,\"max_score\":30,\"penalties\":0,\"raw_score\":30}}}','2022-12-08 01:01:17','2022-12-08 01:01:17',1,18,1),(29,'[\"E14\",\"E34\",\"J10\"]','{\"answer_uuid\":\"6904ae4e-8e38-4e21-924a-c7c39a4c596a3\",\"received_ids\":3,\"score_data\":{\"card_selected\":[\"E14\",\"E34\",\"J10\"],\"changed\":0,\"mse\":4.297153413715724,\"parts_needed\":3,\"score\":{\"final_bonus_factor\":0,\"final_score\":30,\"max_score\":30,\"penalties\":0,\"raw_score\":30}}}','2022-12-08 01:01:20','2022-12-08 01:01:20',1,3,1),(30,'[\"E19\",\"E25\",\"E31\"]','{\"answer_uuid\":\"6904ae4e-8e38-4e21-924a-c7c39a4c596a8\",\"received_ids\":1,\"score_data\":{\"card_selected\":[\"E19\",\"E25\",\"E31\"],\"changed\":0,\"correct\":0,\"mse\":11.294074875623796,\"parts_needed\":1,\"score\":{\"final_bonus_factor\":0,\"final_score\":0,\"max_score\":30,\"penalties\":0,\"raw_score\":0}}}','2022-12-08 01:01:20','2022-12-08 01:01:20',1,8,1),(31,'[\"E14\",\"E34\",\"J10\"]','{\"answer_uuid\":\"6904ae4e-8e38-4e21-924a-c7c39a4c596a20\",\"received_ids\":1,\"score_data\":{\"card_selected\":[\"E14\",\"E34\",\"J10\"],\"changed\":0,\"mse\":4.297153413715724,\"parts_needed\":1,\"score\":{\"final_bonus_factor\":0,\"final_score\":30,\"max_score\":30,\"penalties\":0,\"raw_score\":30}}}','2022-12-08 01:01:22','2022-12-08 01:01:22',1,20,1),(32,'[\"E14\",\"E34\",\"J10\"]','{\"answer_uuid\":\"6904ae4e-8e38-4e21-924a-c7c39a4c596a15\",\"received_ids\":3,\"score_data\":{\"card_selected\":[\"E14\",\"E34\",\"J10\"],\"changed\":0,\"mse\":4.297153413715724,\"parts_needed\":3,\"score\":{\"final_bonus_factor\":0,\"final_score\":30,\"max_score\":30,\"penalties\":0,\"raw_score\":30}}}','2022-12-08 01:01:24','2022-12-08 01:01:24',1,15,1),(33,'[\"E19\",\"E25\",\"E31\"]','{\"answer_uuid\":\"6904ae4e-8e38-4e21-924a-c7c39a4c596a10\",\"received_ids\":1,\"score_data\":{\"card_selected\":[\"E19\",\"E25\",\"E31\"],\"changed\":0,\"correct\":0,\"mse\":11.294074875623796,\"parts_needed\":1,\"score\":{\"final_bonus_factor\":0,\"final_score\":0,\"max_score\":30,\"penalties\":0,\"raw_score\":0}}}','2022-12-08 01:02:19','2022-12-08 01:02:19',1,10,1),(34,'[\"E34\",\"J35\",\"J42\"]','{\"answer_uuid\":\"6904ae4e-8e38-4e21-924a-c7c39a4c596a19\",\"received_ids\":1,\"score_data\":{\"card_selected\":[\"E34\",\"J35\",\"J42\"],\"changed\":0,\"mse\":7.9131537384365345,\"parts_needed\":1,\"score\":{\"final_bonus_factor\":0,\"final_score\":10,\"max_score\":30,\"penalties\":0,\"raw_score\":10}}}','2022-12-08 01:02:35','2022-12-08 01:02:35',1,19,1),(35,'[\"E06\",\"E14\",\"E34\"]','{\"answer_uuid\":\"6904ae4e-8e38-4e21-924a-c7c39a4c596a1\",\"received_ids\":1,\"score_data\":{\"card_selected\":[\"E06\",\"E14\",\"E34\"],\"changed\":0,\"mse\":6.371767844504802,\"parts_needed\":1,\"score\":{\"final_bonus_factor\":0,\"final_score\":20,\"max_score\":30,\"penalties\":0,\"raw_score\":20}}}','2022-12-08 01:02:49','2022-12-08 01:02:49',1,1,1),(36,'[\"J01\",\"J02\",\"J03\",\"J04\",\"J05\"]','{\"answer_uuid\":\"a8d9cd10-7eb7-44cb-a94c-1af44eb3239121\",\"received_ids\":1,\"score_data\":{\"card_selected\":[\"J01\",\"J02\",\"J03\",\"J04\",\"J05\"],\"changed\":87,\"correct\":0,\"mse\":8.630786808957266,\"parts_needed\":1,\"score\":{\"final_bonus_factor\":0,\"final_score\":-9,\"max_score\":50,\"penalties\":9,\"raw_score\":0}}}','2022-12-08 01:04:29','2022-12-08 01:06:35',2,21,2),(37,'[\"E10\",\"E24\",\"J26\",\"J36\",\"J43\"]','{\"answer_uuid\":\"a8d9cd10-7eb7-44cb-a94c-1af44eb3239123\",\"received_ids\":1,\"score_data\":{\"card_selected\":[\"E10\",\"E24\",\"J26\",\"J36\",\"J43\"],\"changed\":0,\"mse\":2.7325555558821684,\"parts_needed\":1,\"score\":{\"final_bonus_factor\":0,\"final_score\":50,\"max_score\":50,\"penalties\":0,\"raw_score\":50}}}','2022-12-08 01:04:41','2022-12-08 01:04:41',2,23,2),(38,'[\"E10\",\"E24\",\"J26\",\"J36\",\"J43\"]','{\"answer_uuid\":\"a8d9cd10-7eb7-44cb-a94c-1af44eb3239111\",\"received_ids\":1,\"score_data\":{\"card_selected\":[\"E10\",\"E24\",\"J26\",\"J36\",\"J43\"],\"changed\":0,\"mse\":2.7325555558821684,\"parts_needed\":1,\"score\":{\"final_bonus_factor\":0,\"final_score\":50,\"max_score\":50,\"penalties\":0,\"raw_score\":50}}}','2022-12-08 01:04:42','2022-12-08 01:04:42',2,11,2),(39,'[\"E10\",\"E24\",\"J26\",\"J36\",\"J43\"]','{\"answer_uuid\":\"a8d9cd10-7eb7-44cb-a94c-1af44eb3239124\",\"received_ids\":1,\"score_data\":{\"card_selected\":[\"E10\",\"E24\",\"J26\",\"J36\",\"J43\"],\"changed\":0,\"mse\":2.7325555558821684,\"parts_needed\":1,\"score\":{\"final_bonus_factor\":0,\"final_score\":50,\"max_score\":50,\"penalties\":0,\"raw_score\":50}}}','2022-12-08 01:04:45','2022-12-08 01:04:45',2,24,2),(40,'[\"E01\",\"J23\",\"J27\",\"J36\",\"J40\"]','{\"answer_uuid\":\"a8d9cd10-7eb7-44cb-a94c-1af44eb3239122\",\"received_ids\":1,\"score_data\":{\"card_selected\":[\"E01\",\"J23\",\"J27\",\"J36\",\"J40\"],\"changed\":0,\"mse\":7.547655338644294,\"parts_needed\":1,\"score\":{\"final_bonus_factor\":0,\"final_score\":10,\"max_score\":50,\"penalties\":0,\"raw_score\":10}}}','2022-12-08 01:04:55','2022-12-08 01:04:55',2,22,2),(41,'[\"E10\",\"E24\",\"J26\",\"J36\",\"J43\"]','{\"answer_uuid\":\"a8d9cd10-7eb7-44cb-a94c-1af44eb3239120\",\"received_ids\":1,\"score_data\":{\"card_selected\":[\"E10\",\"E24\",\"J26\",\"J36\",\"J43\"],\"changed\":0,\"mse\":2.7325555558821684,\"parts_needed\":1,\"score\":{\"final_bonus_factor\":0,\"final_score\":50,\"max_score\":50,\"penalties\":0,\"raw_score\":50}}}','2022-12-08 01:04:55','2022-12-08 01:04:55',2,20,2),(42,'[\"E10\",\"E24\",\"J26\",\"J36\",\"J43\"]','{\"answer_uuid\":\"a8d9cd10-7eb7-44cb-a94c-1af44eb323912\",\"received_ids\":1,\"score_data\":{\"card_selected\":[\"E10\",\"E24\",\"J26\",\"J36\",\"J43\"],\"changed\":0,\"mse\":2.7325555558821684,\"parts_needed\":1,\"score\":{\"final_bonus_factor\":0,\"final_score\":50,\"max_score\":50,\"penalties\":0,\"raw_score\":50}}}','2022-12-08 01:05:02','2022-12-08 01:05:02',2,2,2),(43,'[\"E10\",\"E24\",\"J26\",\"J36\",\"J43\"]','{\"answer_uuid\":\"a8d9cd10-7eb7-44cb-a94c-1af44eb3239118\",\"received_ids\":1,\"score_data\":{\"card_selected\":[\"E10\",\"E24\",\"J26\",\"J36\",\"J43\"],\"changed\":0,\"mse\":2.7325555558821684,\"parts_needed\":1,\"score\":{\"final_bonus_factor\":0,\"final_score\":50,\"max_score\":50,\"penalties\":0,\"raw_score\":50}}}','2022-12-08 01:05:03','2022-12-08 01:05:03',2,18,2),(44,'[\"E10\",\"E24\",\"J26\",\"J36\",\"J43\"]','{\"answer_uuid\":\"a8d9cd10-7eb7-44cb-a94c-1af44eb323913\",\"received_ids\":3,\"score_data\":{\"card_selected\":[\"E10\",\"E24\",\"J26\",\"J36\",\"J43\"],\"changed\":0,\"mse\":2.7325555558821684,\"parts_needed\":3,\"score\":{\"final_bonus_factor\":0,\"final_score\":50,\"max_score\":50,\"penalties\":0,\"raw_score\":50}}}','2022-12-08 01:05:04','2022-12-08 01:05:04',2,3,2),(45,'[\"E10\",\"E24\",\"J26\",\"J36\",\"J43\"]','{\"answer_uuid\":\"a8d9cd10-7eb7-44cb-a94c-1af44eb3239125\",\"received_ids\":1,\"score_data\":{\"card_selected\":[\"E10\",\"E24\",\"J26\",\"J36\",\"J43\"],\"changed\":0,\"mse\":2.7325555558821684,\"parts_needed\":1,\"score\":{\"final_bonus_factor\":0,\"final_score\":50,\"max_score\":50,\"penalties\":0,\"raw_score\":50}}}','2022-12-08 01:05:12','2022-12-08 01:05:12',2,25,2),(47,'[\"E19\",\"E30\",\"E33\",\"E34\",\"E41\"]','{\"answer_uuid\":\"a8d9cd10-7eb7-44cb-a94c-1af44eb323918\",\"received_ids\":1,\"score_data\":{\"card_selected\":[\"E19\",\"E30\",\"E33\",\"E34\",\"E41\"],\"changed\":0,\"correct\":0,\"mse\":11.127788969999683,\"parts_needed\":1,\"score\":{\"final_bonus_factor\":0,\"final_score\":0,\"max_score\":50,\"penalties\":0,\"raw_score\":0}}}','2022-12-08 01:05:16','2022-12-08 01:05:16',2,8,2),(48,'[\"E10\",\"E24\",\"J26\",\"J36\",\"J43\"]','{\"answer_uuid\":\"a8d9cd10-7eb7-44cb-a94c-1af44eb3239115\",\"received_ids\":3,\"score_data\":{\"card_selected\":[\"E10\",\"E24\",\"J26\",\"J36\",\"J43\"],\"changed\":0,\"mse\":2.7325555558821684,\"parts_needed\":3,\"score\":{\"final_bonus_factor\":0,\"final_score\":50,\"max_score\":50,\"penalties\":0,\"raw_score\":50}}}','2022-12-08 01:05:18','2022-12-08 01:05:18',2,15,2),(49,'[\"E10\",\"E24\",\"J26\",\"J36\",\"J43\"]','{\"answer_uuid\":\"a8d9cd10-7eb7-44cb-a94c-1af44eb3239114\",\"received_ids\":3,\"score_data\":{\"card_selected\":[\"E10\",\"E24\",\"J26\",\"J36\",\"J43\"],\"changed\":0,\"mse\":2.7325555558821684,\"parts_needed\":3,\"score\":{\"final_bonus_factor\":0,\"final_score\":50,\"max_score\":50,\"penalties\":0,\"raw_score\":50}}}','2022-12-08 01:05:41','2022-12-08 01:05:41',2,14,2),(50,'[\"E10\",\"E24\",\"J26\",\"J36\",\"J43\"]','{\"answer_uuid\":\"a8d9cd10-7eb7-44cb-a94c-1af44eb323916\",\"received_ids\":3,\"score_data\":{\"card_selected\":[\"E10\",\"E24\",\"J26\",\"J36\",\"J43\"],\"changed\":0,\"mse\":2.7325555558821684,\"parts_needed\":3,\"score\":{\"final_bonus_factor\":0,\"final_score\":50,\"max_score\":50,\"penalties\":0,\"raw_score\":50}}}','2022-12-08 01:05:45','2022-12-08 01:05:45',2,6,2),(51,'[\"E03\",\"E08\",\"E22\",\"E28\",\"E39\"]','{\"answer_uuid\":\"a8d9cd10-7eb7-44cb-a94c-1af44eb3239110\",\"received_ids\":1,\"score_data\":{\"card_selected\":[\"E03\",\"E08\",\"E22\",\"E28\",\"E39\"],\"changed\":0,\"correct\":0,\"mse\":11.01432116003987,\"parts_needed\":1,\"score\":{\"final_bonus_factor\":0,\"final_score\":0,\"max_score\":50,\"penalties\":0,\"raw_score\":0}}}','2022-12-08 01:06:05','2022-12-08 01:06:05',2,10,2),(52,'[\"E01\",\"E02\",\"E03\",\"J26\",\"J33\"]','{\"answer_uuid\":\"a8d9cd10-7eb7-44cb-a94c-1af44eb323919\",\"received_ids\":1,\"score_data\":{\"card_selected\":[\"E01\",\"E02\",\"E03\",\"J26\",\"J33\"],\"changed\":0,\"mse\":8.866799789571683,\"parts_needed\":1,\"score\":{\"final_bonus_factor\":0,\"final_score\":10,\"max_score\":50,\"penalties\":0,\"raw_score\":10}}}','2022-12-08 01:06:14','2022-12-08 01:06:14',2,9,2),(53,'[\"E21\",\"E31\",\"E44\",\"J07\",\"J21\",\"J28\",\"J42\"]','{\"answer_uuid\":\"cb1da883-d1e7-468a-9634-91fb89d3201f6\",\"received_ids\":1,\"score_data\":{\"card_selected\":[\"E21\",\"E31\",\"E44\",\"J07\",\"J21\",\"J28\",\"J42\"],\"changed\":0,\"mse\":1.731970528154072,\"parts_needed\":1,\"score\":{\"final_bonus_factor\":0,\"final_score\":70,\"max_score\":70,\"penalties\":0,\"raw_score\":70}}}','2022-12-08 01:08:11','2022-12-08 01:08:11',3,6,3),(54,'[\"J01\",\"J02\",\"J03\",\"J04\",\"J05\",\"J06\",\"J07\"]','{\"answer_uuid\":\"cb1da883-d1e7-468a-9634-91fb89d3201f21\",\"received_ids\":1,\"score_data\":{\"card_selected\":[\"J01\",\"J02\",\"J03\",\"J04\",\"J05\",\"J06\",\"J07\"],\"changed\":0,\"mse\":7.366744916652722,\"parts_needed\":1,\"score\":{\"final_bonus_factor\":0,\"final_score\":10,\"max_score\":70,\"penalties\":0,\"raw_score\":10}}}','2022-12-08 01:08:23','2022-12-08 01:08:23',3,21,3),(55,'[\"E21\",\"E31\",\"E44\",\"J07\",\"J21\",\"J28\",\"J42\"]','{\"answer_uuid\":\"cb1da883-d1e7-468a-9634-91fb89d3201f11\",\"received_ids\":1,\"score_data\":{\"card_selected\":[\"E21\",\"E31\",\"E44\",\"J07\",\"J21\",\"J28\",\"J42\"],\"changed\":0,\"mse\":1.731970528154072,\"parts_needed\":1,\"score\":{\"final_bonus_factor\":0,\"final_score\":70,\"max_score\":70,\"penalties\":0,\"raw_score\":70}}}','2022-12-08 01:08:25','2022-12-08 01:08:25',3,11,3),(56,'[\"E27\",\"E31\",\"E44\",\"J07\",\"J21\",\"J28\",\"J42\"]','{\"answer_uuid\":\"cb1da883-d1e7-468a-9634-91fb89d3201f23\",\"received_ids\":1,\"score_data\":{\"card_selected\":[\"E27\",\"E31\",\"E44\",\"J07\",\"J21\",\"J28\",\"J42\"],\"changed\":0,\"mse\":2.745432531952904,\"parts_needed\":1,\"score\":{\"final_bonus_factor\":0,\"final_score\":60,\"max_score\":70,\"penalties\":0,\"raw_score\":60}}}','2022-12-08 01:08:29','2022-12-08 01:08:29',3,23,3),(57,'[\"E05\",\"E37\",\"J15\",\"J16\",\"J24\",\"J27\",\"J42\"]','{\"answer_uuid\":\"cb1da883-d1e7-468a-9634-91fb89d3201f22\",\"received_ids\":1,\"score_data\":{\"card_selected\":[\"E05\",\"E37\",\"J15\",\"J16\",\"J24\",\"J27\",\"J42\"],\"changed\":0,\"mse\":7.424835314085925,\"parts_needed\":1,\"score\":{\"final_bonus_factor\":0,\"final_score\":10,\"max_score\":70,\"penalties\":0,\"raw_score\":10}}}','2022-12-08 01:08:33','2022-12-08 01:08:33',3,22,3),(58,'[\"E21\",\"E31\",\"E44\",\"J07\",\"J21\",\"J28\",\"J42\"]','{\"answer_uuid\":\"cb1da883-d1e7-468a-9634-91fb89d3201f20\",\"received_ids\":1,\"score_data\":{\"card_selected\":[\"E21\",\"E31\",\"E44\",\"J07\",\"J21\",\"J28\",\"J42\"],\"changed\":0,\"mse\":1.731970528154072,\"parts_needed\":1,\"score\":{\"final_bonus_factor\":0,\"final_score\":70,\"max_score\":70,\"penalties\":0,\"raw_score\":70}}}','2022-12-08 01:08:43','2022-12-08 01:08:43',3,20,3),(59,'[\"E21\",\"E31\",\"E44\",\"J07\",\"J21\",\"J28\",\"J42\"]','{\"answer_uuid\":\"cb1da883-d1e7-468a-9634-91fb89d3201f2\",\"received_ids\":1,\"score_data\":{\"card_selected\":[\"E21\",\"E31\",\"E44\",\"J07\",\"J21\",\"J28\",\"J42\"],\"changed\":0,\"mse\":1.731970528154072,\"parts_needed\":1,\"score\":{\"final_bonus_factor\":0,\"final_score\":70,\"max_score\":70,\"penalties\":0,\"raw_score\":70}}}','2022-12-08 01:08:46','2022-12-08 01:08:46',3,2,3),(60,'[\"E21\",\"E31\",\"E44\",\"J07\",\"J21\",\"J28\",\"J42\"]','{\"answer_uuid\":\"cb1da883-d1e7-468a-9634-91fb89d3201f25\",\"received_ids\":1,\"score_data\":{\"card_selected\":[\"E21\",\"E31\",\"E44\",\"J07\",\"J21\",\"J28\",\"J42\"],\"changed\":0,\"mse\":1.731970528154072,\"parts_needed\":1,\"score\":{\"final_bonus_factor\":0,\"final_score\":70,\"max_score\":70,\"penalties\":0,\"raw_score\":70}}}','2022-12-08 01:08:57','2022-12-08 01:08:57',3,25,3),(61,'[\"E27\",\"E31\",\"E44\",\"J07\",\"J21\",\"J28\",\"J42\"]','{\"answer_uuid\":\"cb1da883-d1e7-468a-9634-91fb89d3201f18\",\"received_ids\":1,\"score_data\":{\"card_selected\":[\"E27\",\"E31\",\"E44\",\"J07\",\"J21\",\"J28\",\"J42\"],\"changed\":0,\"mse\":2.745432531952904,\"parts_needed\":1,\"score\":{\"final_bonus_factor\":0,\"final_score\":60,\"max_score\":70,\"penalties\":0,\"raw_score\":60}}}','2022-12-08 01:08:59','2022-12-08 01:08:59',3,18,3),(62,'[\"E05\",\"E18\",\"E27\",\"E34\",\"E37\",\"E40\",\"E41\"]','{\"answer_uuid\":\"cb1da883-d1e7-468a-9634-91fb89d3201f8\",\"received_ids\":1,\"score_data\":{\"card_selected\":[\"E05\",\"E18\",\"E27\",\"E34\",\"E37\",\"E40\",\"E41\"],\"changed\":0,\"correct\":0,\"mse\":10.0328280024438,\"parts_needed\":1,\"score\":{\"final_bonus_factor\":0,\"final_score\":0,\"max_score\":70,\"penalties\":0,\"raw_score\":0}}}','2022-12-08 01:09:02','2022-12-08 01:09:02',3,8,3),(64,'[\"E21\",\"E31\",\"E44\",\"J07\",\"J21\",\"J28\",\"J42\"]','{\"answer_uuid\":\"cb1da883-d1e7-468a-9634-91fb89d3201f15\",\"received_ids\":4,\"score_data\":{\"card_selected\":[\"E21\",\"E31\",\"E44\",\"J07\",\"J21\",\"J28\",\"J42\"],\"changed\":0,\"mse\":1.731970528154072,\"parts_needed\":4,\"score\":{\"final_bonus_factor\":0,\"final_score\":70,\"max_score\":70,\"penalties\":0,\"raw_score\":70}}}','2022-12-08 01:09:10','2022-12-08 01:09:10',3,15,3),(65,'[\"E21\",\"E31\",\"E44\",\"J07\",\"J21\",\"J28\",\"J42\"]','{\"answer_uuid\":\"cb1da883-d1e7-468a-9634-91fb89d3201f14\",\"received_ids\":4,\"score_data\":{\"card_selected\":[\"E21\",\"E31\",\"E44\",\"J07\",\"J21\",\"J28\",\"J42\"],\"changed\":0,\"mse\":1.731970528154072,\"parts_needed\":4,\"score\":{\"final_bonus_factor\":0,\"final_score\":70,\"max_score\":70,\"penalties\":0,\"raw_score\":70}}}','2022-12-08 01:09:26','2022-12-08 01:09:26',3,14,3),(66,'[\"E21\",\"E31\",\"E44\",\"J07\",\"J21\",\"J28\",\"J42\"]','{\"answer_uuid\":\"cb1da883-d1e7-468a-9634-91fb89d3201f3\",\"received_ids\":4,\"score_data\":{\"card_selected\":[\"E21\",\"E31\",\"E44\",\"J07\",\"J21\",\"J28\",\"J42\"],\"changed\":0,\"mse\":1.731970528154072,\"parts_needed\":4,\"score\":{\"final_bonus_factor\":0,\"final_score\":70,\"max_score\":70,\"penalties\":0,\"raw_score\":70}}}','2022-12-08 01:09:29','2022-12-08 01:09:29',3,3,3),(67,'[\"E25\",\"E31\",\"E44\",\"J07\",\"J21\",\"J28\",\"J42\"]','{\"answer_uuid\":\"cb1da883-d1e7-468a-9634-91fb89d3201f24\",\"received_ids\":4,\"score_data\":{\"card_selected\":[\"E25\",\"E31\",\"E44\",\"J07\",\"J21\",\"J28\",\"J42\"],\"changed\":0,\"mse\":2.8108960726459196,\"parts_needed\":4,\"score\":{\"final_bonus_factor\":0,\"final_score\":60,\"max_score\":70,\"penalties\":0,\"raw_score\":60}}}','2022-12-08 01:09:40','2022-12-08 01:09:40',3,24,3),(68,'[\"E10\",\"E30\",\"E31\",\"E36\",\"J08\",\"J09\",\"J16\"]','{\"answer_uuid\":\"cb1da883-d1e7-468a-9634-91fb89d3201f10\",\"received_ids\":1,\"score_data\":{\"card_selected\":[\"E10\",\"E30\",\"E31\",\"E36\",\"J08\",\"J09\",\"J16\"],\"changed\":0,\"mse\":8.018514278888638,\"parts_needed\":1,\"score\":{\"final_bonus_factor\":0,\"final_score\":10,\"max_score\":70,\"penalties\":0,\"raw_score\":10}}}','2022-12-08 01:09:41','2022-12-08 01:09:41',3,10,3),(69,'[\"E01\",\"E01\",\"E02\",\"E02\",\"E03\",\"E18\",\"E28\"]','{\"answer_uuid\":\"cb1da883-d1e7-468a-9634-91fb89d3201f9\",\"received_ids\":4,\"score_data\":{\"card_selected\":[\"E01\",\"E01\",\"E02\",\"E02\",\"E03\",\"E18\",\"E28\"],\"changed\":0,\"correct\":0,\"mse\":9.73871196056158,\"parts_needed\":4,\"score\":{\"final_bonus_factor\":0,\"final_score\":0,\"max_score\":70,\"penalties\":0,\"raw_score\":0}}}','2022-12-08 01:10:02','2022-12-08 01:10:02',3,9,3),(70,'[\"E01\",\"E02\",\"E12\",\"E15\",\"J03\",\"J24\",\"J31\"]','{\"answer_uuid\":\"cb1da883-d1e7-468a-9634-91fb89d3201f1\",\"received_ids\":2,\"score_data\":{\"card_selected\":[\"E01\",\"E02\",\"E12\",\"E15\",\"J03\",\"J24\",\"J31\"],\"changed\":0,\"correct\":0,\"mse\":8.751995281131556,\"parts_needed\":2,\"score\":{\"final_bonus_factor\":0,\"final_score\":0,\"max_score\":70,\"penalties\":0,\"raw_score\":0}}}','2022-12-08 01:10:20','2022-12-08 01:10:20',3,1,3),(71,'[\"E05\",\"E24\",\"J08\",\"J10\",\"J16\",\"J30\",\"J32\",\"J44\"]','{\"answer_uuid\":\"3831e73c-a5f5-4cb6-846f-874d80e7b2586\",\"received_ids\":1,\"score_data\":{\"card_selected\":[\"E05\",\"E24\",\"J08\",\"J10\",\"J16\",\"J30\",\"J32\",\"J44\"],\"changed\":0,\"mse\":1.5152133069244205,\"parts_needed\":1,\"score\":{\"final_bonus_factor\":0,\"final_score\":80,\"max_score\":80,\"penalties\":0,\"raw_score\":80}}}','2022-12-08 01:12:21','2022-12-08 01:12:21',4,6,4),(72,'[\"E05\",\"E24\",\"J08\",\"J10\",\"J16\",\"J30\",\"J32\",\"J44\"]','{\"answer_uuid\":\"3831e73c-a5f5-4cb6-846f-874d80e7b2582\",\"received_ids\":1,\"score_data\":{\"card_selected\":[\"E05\",\"E24\",\"J08\",\"J10\",\"J16\",\"J30\",\"J32\",\"J44\"],\"changed\":0,\"mse\":1.5152133069244205,\"parts_needed\":1,\"score\":{\"final_bonus_factor\":0,\"final_score\":80,\"max_score\":80,\"penalties\":0,\"raw_score\":80}}}','2022-12-08 01:12:35','2022-12-08 01:12:35',4,2,4),(73,'[\"J09\",\"J10\",\"J11\",\"J12\",\"J13\",\"J14\",\"J15\",\"J16\"]','{\"answer_uuid\":\"3831e73c-a5f5-4cb6-846f-874d80e7b25821\",\"received_ids\":1,\"score_data\":{\"card_selected\":[\"J09\",\"J10\",\"J11\",\"J12\",\"J13\",\"J14\",\"J15\",\"J16\"],\"changed\":0,\"mse\":6.45887703021557,\"parts_needed\":1,\"score\":{\"final_bonus_factor\":0,\"final_score\":20,\"max_score\":80,\"penalties\":0,\"raw_score\":20}}}','2022-12-08 01:12:38','2022-12-08 01:12:38',4,21,4),(74,'[\"J14\",\"J20\",\"J25\",\"J37\",\"J38\",\"J40\",\"J42\",\"J44\"]','{\"answer_uuid\":\"3831e73c-a5f5-4cb6-846f-874d80e7b25822\",\"received_ids\":1,\"score_data\":{\"card_selected\":[\"J14\",\"J20\",\"J25\",\"J37\",\"J38\",\"J40\",\"J42\",\"J44\"],\"changed\":3,\"mse\":7.434873198913085,\"parts_needed\":1,\"score\":{\"final_bonus_factor\":0,\"final_score\":10,\"max_score\":80,\"penalties\":0,\"raw_score\":10}}}','2022-12-08 01:12:39','2022-12-08 01:13:08',4,22,4),(75,'[\"E05\",\"E24\",\"J08\",\"J10\",\"J13\",\"J16\",\"J30\",\"J32\"]','{\"answer_uuid\":\"3831e73c-a5f5-4cb6-846f-874d80e7b25823\",\"received_ids\":1,\"score_data\":{\"card_selected\":[\"E05\",\"E24\",\"J08\",\"J10\",\"J13\",\"J16\",\"J30\",\"J32\"],\"changed\":0,\"mse\":2.5124170787009055,\"parts_needed\":1,\"score\":{\"final_bonus_factor\":0,\"final_score\":70,\"max_score\":80,\"penalties\":0,\"raw_score\":70}}}','2022-12-08 01:12:49','2022-12-08 01:12:49',4,23,4),(77,'[\"E05\",\"E24\",\"J08\",\"J10\",\"J16\",\"J30\",\"J32\",\"J44\"]','{\"answer_uuid\":\"3831e73c-a5f5-4cb6-846f-874d80e7b25811\",\"received_ids\":1,\"score_data\":{\"card_selected\":[\"E05\",\"E24\",\"J08\",\"J10\",\"J16\",\"J30\",\"J32\",\"J44\"],\"changed\":0,\"mse\":1.5152133069244205,\"parts_needed\":1,\"score\":{\"final_bonus_factor\":0,\"final_score\":80,\"max_score\":80,\"penalties\":0,\"raw_score\":80}}}','2022-12-08 01:12:50','2022-12-08 01:12:50',4,11,4),(78,'[\"E05\",\"E24\",\"J08\",\"J10\",\"J16\",\"J30\",\"J32\",\"J44\"]','{\"answer_uuid\":\"3831e73c-a5f5-4cb6-846f-874d80e7b25824\",\"received_ids\":2,\"score_data\":{\"card_selected\":[\"E05\",\"E24\",\"J08\",\"J10\",\"J16\",\"J30\",\"J32\",\"J44\"],\"changed\":0,\"mse\":1.5152133069244205,\"parts_needed\":2,\"score\":{\"final_bonus_factor\":0,\"final_score\":80,\"max_score\":80,\"penalties\":0,\"raw_score\":80}}}','2022-12-08 01:13:01','2022-12-08 01:13:01',4,24,4),(79,'[\"E05\",\"E24\",\"J08\",\"J10\",\"J16\",\"J30\",\"J32\",\"J44\"]','{\"answer_uuid\":\"3831e73c-a5f5-4cb6-846f-874d80e7b25815\",\"received_ids\":4,\"score_data\":{\"card_selected\":[\"E05\",\"E24\",\"J08\",\"J10\",\"J16\",\"J30\",\"J32\",\"J44\"],\"changed\":0,\"mse\":1.5152133069244205,\"parts_needed\":4,\"score\":{\"final_bonus_factor\":0,\"final_score\":80,\"max_score\":80,\"penalties\":0,\"raw_score\":80}}}','2022-12-08 01:13:13','2022-12-08 01:13:13',4,15,4),(80,'[\"E05\",\"E24\",\"J08\",\"J10\",\"J16\",\"J30\",\"J32\",\"J44\"]','{\"answer_uuid\":\"3831e73c-a5f5-4cb6-846f-874d80e7b2583\",\"received_ids\":4,\"score_data\":{\"card_selected\":[\"E05\",\"E24\",\"J08\",\"J10\",\"J16\",\"J30\",\"J32\",\"J44\"],\"changed\":0,\"mse\":1.5152133069244205,\"parts_needed\":4,\"score\":{\"final_bonus_factor\":0,\"final_score\":80,\"max_score\":80,\"penalties\":0,\"raw_score\":80}}}','2022-12-08 01:13:23','2022-12-08 01:13:23',4,3,4),(81,'[\"E04\",\"E20\",\"E29\",\"E31\",\"E32\",\"E34\",\"E35\",\"E36\"]','{\"answer_uuid\":\"3831e73c-a5f5-4cb6-846f-874d80e7b2588\",\"received_ids\":1,\"score_data\":{\"card_selected\":[\"E04\",\"E20\",\"E29\",\"E31\",\"E32\",\"E34\",\"E35\",\"E36\"],\"changed\":1,\"correct\":0,\"mse\":11.595407396981605,\"parts_needed\":1,\"score\":{\"final_bonus_factor\":0,\"final_score\":0,\"max_score\":80,\"penalties\":0,\"raw_score\":0}}}','2022-12-08 01:13:24','2022-12-08 01:14:24',4,8,4),(82,'[\"E02\",\"E06\",\"E07\",\"E33\",\"E41\",\"J39\",\"J40\",\"J44\"]','{\"answer_uuid\":\"3831e73c-a5f5-4cb6-846f-874d80e7b25810\",\"received_ids\":1,\"score_data\":{\"card_selected\":[\"E02\",\"E06\",\"E07\",\"E33\",\"E41\",\"J39\",\"J40\",\"J44\"],\"changed\":7,\"mse\":8.14185144498244,\"parts_needed\":1,\"score\":{\"final_bonus_factor\":0,\"final_score\":9,\"max_score\":80,\"penalties\":1,\"raw_score\":10}}}','2022-12-08 01:13:29','2022-12-08 01:14:10',4,10,4),(83,'[\"E05\",\"E24\",\"J08\",\"J10\",\"J16\",\"J30\",\"J32\",\"J44\"]','{\"answer_uuid\":\"3831e73c-a5f5-4cb6-846f-874d80e7b25825\",\"received_ids\":1,\"score_data\":{\"card_selected\":[\"E05\",\"E24\",\"J08\",\"J10\",\"J16\",\"J30\",\"J32\",\"J44\"],\"changed\":0,\"mse\":1.5152133069244205,\"parts_needed\":1,\"score\":{\"final_bonus_factor\":0,\"final_score\":80,\"max_score\":80,\"penalties\":0,\"raw_score\":80}}}','2022-12-08 01:13:31','2022-12-08 01:13:31',4,25,4),(84,'[\"E01\",\"E02\",\"E03\",\"E08\",\"E13\",\"E22\",\"E26\",\"E26\"]','{\"answer_uuid\":\"3831e73c-a5f5-4cb6-846f-874d80e7b2589\",\"received_ids\":4,\"score_data\":{\"card_selected\":[\"E01\",\"E02\",\"E03\",\"E08\",\"E13\",\"E22\",\"E26\",\"E26\"],\"changed\":0,\"correct\":0,\"mse\":11.087136843590814,\"parts_needed\":4,\"score\":{\"final_bonus_factor\":0,\"final_score\":0,\"max_score\":80,\"penalties\":0,\"raw_score\":0}}}','2022-12-08 01:13:32','2022-12-08 01:13:32',4,9,4),(85,'[\"E05\",\"E24\",\"J08\",\"J10\",\"J16\",\"J30\",\"J32\",\"J44\"]','{\"answer_uuid\":\"3831e73c-a5f5-4cb6-846f-874d80e7b25814\",\"received_ids\":4,\"score_data\":{\"card_selected\":[\"E05\",\"E24\",\"J08\",\"J10\",\"J16\",\"J30\",\"J32\",\"J44\"],\"changed\":0,\"mse\":1.5152133069244205,\"parts_needed\":4,\"score\":{\"final_bonus_factor\":0,\"final_score\":80,\"max_score\":80,\"penalties\":0,\"raw_score\":80}}}','2022-12-08 01:13:32','2022-12-08 01:13:32',4,14,4),(86,'[\"E05\",\"E24\",\"J08\",\"J10\",\"J16\",\"J30\",\"J32\",\"J44\"]','{\"answer_uuid\":\"3831e73c-a5f5-4cb6-846f-874d80e7b25820\",\"received_ids\":1,\"score_data\":{\"card_selected\":[\"E05\",\"E24\",\"J08\",\"J10\",\"J16\",\"J30\",\"J32\",\"J44\"],\"changed\":0,\"mse\":1.5152133069244205,\"parts_needed\":1,\"score\":{\"final_bonus_factor\":0,\"final_score\":80,\"max_score\":80,\"penalties\":0,\"raw_score\":80}}}','2022-12-08 01:14:00','2022-12-08 01:14:00',4,20,4),(87,'[\"E01\",\"E05\",\"E18\",\"E27\",\"E44\",\"J12\",\"J30\",\"J39\"]','{\"answer_uuid\":\"3831e73c-a5f5-4cb6-846f-874d80e7b2581\",\"received_ids\":2,\"score_data\":{\"card_selected\":[\"E01\",\"E05\",\"E18\",\"E27\",\"E44\",\"J12\",\"J30\",\"J39\"],\"changed\":0,\"mse\":8.54590520397125,\"parts_needed\":2,\"score\":{\"final_bonus_factor\":0,\"final_score\":20,\"max_score\":80,\"penalties\":0,\"raw_score\":20}}}','2022-12-08 01:14:15','2022-12-08 01:14:15',4,1,4),(88,'[\"E27\",\"E31\",\"E35\",\"J05\",\"J07\",\"J08\",\"J12\",\"J23\",\"J24\",\"J43\"]','{\"answer_uuid\":\"00145b14-1869-46ac-98e8-bc184b42102a6\",\"received_ids\":1,\"score_data\":{\"card_selected\":[\"E27\",\"E31\",\"E35\",\"J05\",\"J07\",\"J08\",\"J12\",\"J23\",\"J24\",\"J43\"],\"changed\":9,\"mse\":3.7936696462844144,\"parts_needed\":1,\"score\":{\"final_bonus_factor\":0,\"final_score\":99,\"max_score\":100,\"penalties\":1,\"raw_score\":100}}}','2022-12-08 01:17:19','2022-12-08 01:18:38',5,6,5),(89,'[\"E16\",\"E23\",\"E26\",\"J06\",\"J10\",\"J11\",\"J14\",\"J23\",\"J42\",\"J44\"]','{\"answer_uuid\":\"00145b14-1869-46ac-98e8-bc184b42102a22\",\"received_ids\":1,\"score_data\":{\"card_selected\":[\"E16\",\"E23\",\"E26\",\"J06\",\"J10\",\"J11\",\"J14\",\"J23\",\"J42\",\"J44\"],\"changed\":0,\"mse\":8.177932255237561,\"parts_needed\":1,\"score\":{\"final_bonus_factor\":0,\"final_score\":10,\"max_score\":100,\"penalties\":0,\"raw_score\":10}}}','2022-12-08 01:17:39','2022-12-08 01:17:39',5,22,5),(90,'[\"E01\",\"E13\",\"E22\",\"E26\",\"E26\",\"J03\",\"J16\",\"J20\",\"J29\",\"J34\"]','{\"answer_uuid\":\"00145b14-1869-46ac-98e8-bc184b42102a9\",\"received_ids\":3,\"score_data\":{\"card_selected\":[\"E01\",\"E13\",\"E22\",\"E26\",\"E26\",\"J03\",\"J16\",\"J20\",\"J29\",\"J34\"],\"changed\":0,\"correct\":0,\"mse\":9.196231919623113,\"parts_needed\":3,\"score\":{\"final_bonus_factor\":0,\"final_score\":0,\"max_score\":100,\"penalties\":0,\"raw_score\":0}}}','2022-12-08 01:17:40','2022-12-08 01:17:40',5,9,5),(91,'[\"E27\",\"E31\",\"E35\",\"J05\",\"J07\",\"J12\",\"J23\",\"J24\",\"J33\",\"J43\"]','{\"answer_uuid\":\"00145b14-1869-46ac-98e8-bc184b42102a23\",\"received_ids\":3,\"score_data\":{\"card_selected\":[\"E27\",\"E31\",\"E35\",\"J05\",\"J07\",\"J12\",\"J23\",\"J24\",\"J33\",\"J43\"],\"changed\":3,\"mse\":4.325457167963307,\"parts_needed\":3,\"score\":{\"final_bonus_factor\":0,\"final_score\":90,\"max_score\":100,\"penalties\":0,\"raw_score\":90}}}','2022-12-08 01:17:41','2022-12-08 01:18:44',5,23,5),(92,'[\"E27\",\"E29\",\"E39\",\"E39\",\"J12\",\"J30\",\"J31\",\"J31\",\"J31\",\"J43\"]','{\"answer_uuid\":\"00145b14-1869-46ac-98e8-bc184b42102a10\",\"received_ids\":1,\"score_data\":{\"card_selected\":[\"E27\",\"E29\",\"E39\",\"E39\",\"J12\",\"J30\",\"J31\",\"J31\",\"J31\",\"J43\"],\"changed\":0,\"mse\":8.256206759704575,\"parts_needed\":1,\"score\":{\"final_bonus_factor\":0,\"final_score\":30,\"max_score\":100,\"penalties\":0,\"raw_score\":30}}}','2022-12-08 01:17:52','2022-12-08 01:17:52',5,10,5),(93,'[\"E27\",\"E31\",\"E35\",\"J05\",\"J07\",\"J08\",\"J12\",\"J23\",\"J24\",\"J43\"]','{\"answer_uuid\":\"00145b14-1869-46ac-98e8-bc184b42102a3\",\"received_ids\":3,\"score_data\":{\"card_selected\":[\"E27\",\"E31\",\"E35\",\"J05\",\"J07\",\"J08\",\"J12\",\"J23\",\"J24\",\"J43\"],\"changed\":0,\"mse\":3.7936696462844144,\"parts_needed\":3,\"score\":{\"final_bonus_factor\":0,\"final_score\":100,\"max_score\":100,\"penalties\":0,\"raw_score\":100}}}','2022-12-08 01:17:54','2022-12-08 01:17:54',5,3,5),(94,'[\"E27\",\"E31\",\"E35\",\"J05\",\"J07\",\"J08\",\"J12\",\"J23\",\"J24\",\"J43\"]','{\"answer_uuid\":\"00145b14-1869-46ac-98e8-bc184b42102a2\",\"received_ids\":1,\"score_data\":{\"card_selected\":[\"E27\",\"E31\",\"E35\",\"J05\",\"J07\",\"J08\",\"J12\",\"J23\",\"J24\",\"J43\"],\"changed\":0,\"mse\":3.7936696462844144,\"parts_needed\":1,\"score\":{\"final_bonus_factor\":0,\"final_score\":100,\"max_score\":100,\"penalties\":0,\"raw_score\":100}}}','2022-12-08 01:17:55','2022-12-08 01:17:55',5,2,5),(95,'[\"J11\",\"J12\",\"J13\",\"J14\",\"J15\",\"J16\",\"J17\",\"J18\",\"J19\",\"J20\"]','{\"answer_uuid\":\"00145b14-1869-46ac-98e8-bc184b42102a21\",\"received_ids\":2,\"score_data\":{\"card_selected\":[\"J11\",\"J12\",\"J13\",\"J14\",\"J15\",\"J16\",\"J17\",\"J18\",\"J19\",\"J20\"],\"changed\":0,\"mse\":7.774788634730642,\"parts_needed\":2,\"score\":{\"final_bonus_factor\":0,\"final_score\":10,\"max_score\":100,\"penalties\":0,\"raw_score\":10}}}','2022-12-08 01:18:04','2022-12-08 01:18:04',5,21,5),(96,'[\"E27\",\"E31\",\"E35\",\"J05\",\"J07\",\"J08\",\"J12\",\"J23\",\"J24\",\"J43\"]','{\"answer_uuid\":\"00145b14-1869-46ac-98e8-bc184b42102a11\",\"received_ids\":2,\"score_data\":{\"card_selected\":[\"E27\",\"E31\",\"E35\",\"J05\",\"J07\",\"J08\",\"J12\",\"J23\",\"J24\",\"J43\"],\"changed\":2,\"mse\":3.7936696462844144,\"parts_needed\":2,\"score\":{\"final_bonus_factor\":0,\"final_score\":100,\"max_score\":100,\"penalties\":0,\"raw_score\":100}}}','2022-12-08 01:18:05','2022-12-08 01:18:48',5,11,5),(98,'[\"E27\",\"E31\",\"E35\",\"J05\",\"J07\",\"J08\",\"J12\",\"J23\",\"J24\",\"J43\"]','{\"answer_uuid\":\"00145b14-1869-46ac-98e8-bc184b42102a15\",\"received_ids\":3,\"score_data\":{\"card_selected\":[\"E27\",\"E31\",\"E35\",\"J05\",\"J07\",\"J08\",\"J12\",\"J23\",\"J24\",\"J43\"],\"changed\":0,\"mse\":3.7936696462844144,\"parts_needed\":3,\"score\":{\"final_bonus_factor\":0,\"final_score\":100,\"max_score\":100,\"penalties\":0,\"raw_score\":100}}}','2022-12-08 01:18:10','2022-12-08 01:18:10',5,15,5),(99,'[\"E27\",\"E31\",\"E35\",\"J05\",\"J07\",\"J08\",\"J12\",\"J23\",\"J24\",\"J43\"]','{\"answer_uuid\":\"00145b14-1869-46ac-98e8-bc184b42102a20\",\"received_ids\":1,\"score_data\":{\"card_selected\":[\"E27\",\"E31\",\"E35\",\"J05\",\"J07\",\"J08\",\"J12\",\"J23\",\"J24\",\"J43\"],\"changed\":0,\"mse\":3.7936696462844144,\"parts_needed\":1,\"score\":{\"final_bonus_factor\":0,\"final_score\":100,\"max_score\":100,\"penalties\":0,\"raw_score\":100}}}','2022-12-08 01:18:10','2022-12-08 01:18:10',5,20,5),(100,'[\"E27\",\"E31\",\"E35\",\"J05\",\"J07\",\"J08\",\"J12\",\"J23\",\"J24\",\"J43\"]','{\"answer_uuid\":\"00145b14-1869-46ac-98e8-bc184b42102a24\",\"received_ids\":3,\"score_data\":{\"card_selected\":[\"E27\",\"E31\",\"E35\",\"J05\",\"J07\",\"J08\",\"J12\",\"J23\",\"J24\",\"J43\"],\"changed\":0,\"mse\":3.7936696462844144,\"parts_needed\":3,\"score\":{\"final_bonus_factor\":0,\"final_score\":100,\"max_score\":100,\"penalties\":0,\"raw_score\":100}}}','2022-12-08 01:18:12','2022-12-08 01:18:12',5,24,5),(101,'[\"E27\",\"E31\",\"E35\",\"J05\",\"J07\",\"J08\",\"J12\",\"J23\",\"J24\",\"J43\"]','{\"answer_uuid\":\"00145b14-1869-46ac-98e8-bc184b42102a14\",\"received_ids\":3,\"score_data\":{\"card_selected\":[\"E27\",\"E31\",\"E35\",\"J05\",\"J07\",\"J08\",\"J12\",\"J23\",\"J24\",\"J43\"],\"changed\":0,\"mse\":3.7936696462844144,\"parts_needed\":3,\"score\":{\"final_bonus_factor\":0,\"final_score\":100,\"max_score\":100,\"penalties\":0,\"raw_score\":100}}}','2022-12-08 01:18:15','2022-12-08 01:18:15',5,14,5),(102,'[\"E27\",\"E31\",\"E35\",\"J05\",\"J07\",\"J08\",\"J12\",\"J23\",\"J24\",\"J43\"]','{\"answer_uuid\":\"00145b14-1869-46ac-98e8-bc184b42102a25\",\"received_ids\":1,\"score_data\":{\"card_selected\":[\"E27\",\"E31\",\"E35\",\"J05\",\"J07\",\"J08\",\"J12\",\"J23\",\"J24\",\"J43\"],\"changed\":3,\"mse\":3.7936696462844144,\"parts_needed\":1,\"score\":{\"final_bonus_factor\":0,\"final_score\":100,\"max_score\":100,\"penalties\":0,\"raw_score\":100}}}','2022-12-08 01:18:19','2022-12-08 01:19:32',5,25,5),(103,'[\"E01\",\"E10\",\"E12\",\"E14\",\"E18\",\"E20\",\"E28\",\"E33\",\"E38\",\"E43\"]','{\"answer_uuid\":\"00145b14-1869-46ac-98e8-bc184b42102a8\",\"received_ids\":1,\"score_data\":{\"card_selected\":[\"E01\",\"E10\",\"E12\",\"E14\",\"E18\",\"E20\",\"E28\",\"E33\",\"E38\",\"E43\"],\"changed\":1,\"correct\":0,\"mse\":10.073701842604732,\"parts_needed\":1,\"score\":{\"final_bonus_factor\":0,\"final_score\":0,\"max_score\":100,\"penalties\":0,\"raw_score\":0}}}','2022-12-08 01:19:27','2022-12-08 01:19:43',5,8,5);
/*!40000 ALTER TABLE `answer` ENABLE KEYS */;
UNLOCK TABLES;

--
-- Table structure for table `match`
--

DROP TABLE IF EXISTS `match`;
/*!40101 SET @saved_cs_client     = @@character_set_client */;
/*!50503 SET character_set_client = utf8mb4 */;
CREATE TABLE `match` (
  `id` int NOT NULL AUTO_INCREMENT,
  `name` varchar(255) NOT NULL,
  `description` text,
  `is_active` tinyint(1) DEFAULT '0',
  `createdAt` datetime NOT NULL,
  `updatedAt` datetime NOT NULL,
  `round_id` int NOT NULL,
  PRIMARY KEY (`id`),
  UNIQUE KEY `match_name_round_id` (`name`,`round_id`),
  KEY `round_id` (`round_id`),
  CONSTRAINT `match_ibfk_1` FOREIGN KEY (`round_id`) REFERENCES `round` (`id`) ON DELETE CASCADE ON UPDATE CASCADE
) ENGINE=InnoDB AUTO_INCREMENT=22 DEFAULT CHARSET=utf8mb4 COLLATE=utf8mb4_0900_ai_ci;
/*!40101 SET character_set_client = @saved_cs_client */;

--
-- Dumping data for table `match`
--

LOCK TABLES `match` WRITE;
/*!40000 ALTER TABLE `match` DISABLE KEYS */;
INSERT INTO `match` VALUES (1,'Round 1 - Match 1','Round 1 - Match 1',0,'2022-12-07 07:13:12','2022-12-08 01:03:34',1),(2,'Round 1 - Match 2','Round 1 - Match 2',0,'2022-12-07 07:13:23','2022-12-08 01:07:41',1),(3,'Round 1 - Match 3','Round 1 - Match 3',0,'2022-12-07 07:13:39','2022-12-08 01:11:18',1),(4,'Round 1 - Match 4','Round 1 - Match 4',0,'2022-12-07 07:13:49','2022-12-08 01:15:18',1),(5,'Round 1 - Match 5','Round 1 - Match 5',0,'2022-12-07 07:14:02','2022-12-08 01:38:15',1),(6,'Round 2 - Match 1','Round 2 - Match 1',0,'2022-12-07 07:25:23','2022-12-07 08:35:37',2),(7,'Round 2 - Match 2','Round 2 - Match 2',0,'2022-12-07 07:26:16','2022-12-07 08:35:48',2),(8,'Round 2 - Match 3','Round 2 - Match 3',0,'2022-12-07 07:26:28','2022-12-07 08:35:58',2),(9,'Round 2 - Match 4','Round 2 - Match 4',0,'2022-12-07 07:26:38','2022-12-07 08:36:09',2),(10,'Round 2 - Match 5','Round 2 - Match 5',0,'2022-12-07 07:35:02','2022-12-07 08:37:07',2),(11,'Round 3 - Match 1','Round 3 - Match 1',0,'2022-12-07 07:55:06','2022-12-07 07:55:06',3),(12,'Round 3 - Match 2','Round 3 - Match 2',0,'2022-12-07 07:55:14','2022-12-07 07:55:14',3),(13,'Round 3 - Match 3','Round 3 - Match 3',0,'2022-12-07 07:55:21','2022-12-07 07:55:21',3),(14,'Round 3 - Match 4','Round 3 - Match 4',0,'2022-12-07 07:55:29','2022-12-07 07:55:29',3),(15,'Round 3 - Match 5','Round 3 - Match 5',0,'2022-12-07 07:55:39','2022-12-07 07:55:39',3),(16,'Round 4 - Match 1','Round 4 - Match 1',0,'2022-12-07 08:03:12','2022-12-07 08:03:12',4),(17,'Round 4 - Match 2','Round 4 - Match 2',0,'2022-12-07 08:03:20','2022-12-07 08:03:20',4),(18,'Round 4 - Match 3','Round 4 - Match 3',0,'2022-12-07 08:03:51','2022-12-07 08:03:51',4),(19,'Round 4 - Match 4','Round 4 - Match 4',0,'2022-12-07 08:03:58','2022-12-07 08:03:58',4),(20,'Round 4 - Match 5','Round 4 - Match 5',0,'2022-12-07 08:04:07','2022-12-07 08:04:07',4),(21,'Match test','Match test',0,'2022-12-07 08:55:48','2022-12-08 00:54:33',5);
/*!40000 ALTER TABLE `match` ENABLE KEYS */;
UNLOCK TABLES;

--
-- Table structure for table `question`
--

DROP TABLE IF EXISTS `question`;
/*!40101 SET @saved_cs_client     = @@character_set_client */;
/*!50503 SET character_set_client = utf8mb4 */;
CREATE TABLE `question` (
  `id` int NOT NULL AUTO_INCREMENT,
  `name` varchar(255) NOT NULL,
  `start_time` datetime DEFAULT NULL,
  `end_time` datetime DEFAULT NULL,
  `question_data` text,
  `createdAt` datetime NOT NULL,
  `updatedAt` datetime NOT NULL,
  `match_id` int NOT NULL,
  PRIMARY KEY (`id`),
  UNIQUE KEY `Items_unique` (`name`,`match_id`),
  KEY `match_id` (`match_id`),
  CONSTRAINT `question_ibfk_1` FOREIGN KEY (`match_id`) REFERENCES `match` (`id`) ON DELETE CASCADE ON UPDATE CASCADE
) ENGINE=InnoDB AUTO_INCREMENT=22 DEFAULT CHARSET=utf8mb4 COLLATE=utf8mb4_0900_ai_ci;
/*!40101 SET character_set_client = @saved_cs_client */;

--
-- Dumping data for table `question`
--

LOCK TABLES `question` WRITE;
/*!40000 ALTER TABLE `question` DISABLE KEYS */;
INSERT INTO `question` VALUES (1,'Q1_1','2022-12-08 01:00:00','2022-12-08 01:03:00','{\"answer_data\":[{\"card\":\"J10\",\"offset\":7564},{\"card\":\"E14\",\"offset\":13202},{\"card\":\"E34\",\"offset\":7604}],\"bonus_factor\":0,\"n_cards\":3,\"n_parts\":3,\"penalty_per_change\":0.1,\"point_per_correct\":10,\"question_uuid\":\"6904ae4e-8e38-4e21-924a-c7c39a4c596a\"}','2022-12-07 07:16:52','2022-12-07 08:18:38',1),(2,'Q1_2','2022-12-08 01:04:00','2022-12-08 01:07:00','{\"answer_data\":[{\"card\":\"E24\",\"offset\":4562},{\"card\":\"J43\",\"offset\":6655},{\"card\":\"E10\",\"offset\":13476},{\"card\":\"J26\",\"offset\":10434},{\"card\":\"J36\",\"offset\":10058}],\"bonus_factor\":0,\"n_cards\":5,\"n_parts\":3,\"penalty_per_change\":0.1,\"point_per_correct\":10,\"question_uuid\":\"a8d9cd10-7eb7-44cb-a94c-1af44eb32391\"}','2022-12-07 07:18:08','2022-12-07 07:18:08',2),(3,'Q1_3','2022-12-08 01:08:00','2022-12-08 01:11:00','{\"answer_data\":[{\"card\":\"E31\",\"offset\":675},{\"card\":\"E21\",\"offset\":3102},{\"card\":\"J28\",\"offset\":2955},{\"card\":\"J21\",\"offset\":11814},{\"card\":\"J42\",\"offset\":287},{\"card\":\"E44\",\"offset\":5553},{\"card\":\"J07\",\"offset\":14358}],\"bonus_factor\":0,\"n_cards\":7,\"n_parts\":4,\"penalty_per_change\":0.1,\"point_per_correct\":10,\"question_uuid\":\"cb1da883-d1e7-468a-9634-91fb89d3201f\"}','2022-12-07 07:19:03','2022-12-07 08:18:56',3),(4,'Q1_4','2022-12-08 01:12:00','2022-12-08 01:15:00','{\"answer_data\":[{\"card\":\"E24\",\"offset\":3928},{\"card\":\"J08\",\"offset\":635},{\"card\":\"E05\",\"offset\":3212},{\"card\":\"J10\",\"offset\":1276},{\"card\":\"J16\",\"offset\":5350},{\"card\":\"J44\",\"offset\":2761},{\"card\":\"J30\",\"offset\":9916},{\"card\":\"J32\",\"offset\":8543}],\"bonus_factor\":0,\"n_cards\":8,\"n_parts\":4,\"penalty_per_change\":0.1,\"point_per_correct\":10,\"question_uuid\":\"3831e73c-a5f5-4cb6-846f-874d80e7b258\"}','2022-12-07 07:19:55','2022-12-07 08:19:17',4),(5,'Q1_5','2022-12-08 01:17:00','2022-12-08 01:20:00','{\"answer_data\":[{\"card\":\"J24\",\"offset\":13331},{\"card\":\"J08\",\"offset\":13965},{\"card\":\"J12\",\"offset\":9253},{\"card\":\"E27\",\"offset\":13535},{\"card\":\"E35\",\"offset\":13530},{\"card\":\"J05\",\"offset\":5030},{\"card\":\"J43\",\"offset\":859},{\"card\":\"J07\",\"offset\":12075},{\"card\":\"E31\",\"offset\":11335},{\"card\":\"J23\",\"offset\":13478}],\"bonus_factor\":0,\"n_cards\":10,\"n_parts\":3,\"penalty_per_change\":0.1,\"point_per_correct\":10,\"question_uuid\":\"00145b14-1869-46ac-98e8-bc184b42102a\"}','2022-12-07 07:22:00','2022-12-08 01:16:00',5),(6,'Q2_1','2022-12-08 02:10:00','2022-12-08 02:13:00','{\"answer_data\":[{\"card\":\"E28\",\"offset\":2678},{\"card\":\"J19\",\"offset\":12647},{\"card\":\"E10\",\"offset\":891},{\"card\":\"E16\",\"offset\":3483},{\"card\":\"E17\",\"offset\":4125},{\"card\":\"J01\",\"offset\":16},{\"card\":\"E31\",\"offset\":6765}],\"bonus_factor\":0.1,\"n_cards\":7,\"n_parts\":5,\"penalty_per_change\":1,\"point_per_correct\":10,\"question_uuid\":\"995b441f-b698-4a49-814f-bbadd0859282\"}','2022-12-07 07:41:28','2022-12-08 01:58:54',6),(7,'Q2_2','2022-12-08 01:39:00','2022-12-08 01:42:00','{\"answer_data\":[{\"card\":\"E05\",\"offset\":4286},{\"card\":\"E02\",\"offset\":10800},{\"card\":\"J04\",\"offset\":1213},{\"card\":\"J10\",\"offset\":2332},{\"card\":\"J16\",\"offset\":10454},{\"card\":\"J25\",\"offset\":8339},{\"card\":\"E09\",\"offset\":3077},{\"card\":\"J18\",\"offset\":1974}],\"bonus_factor\":0.1,\"n_cards\":8,\"n_parts\":5,\"penalty_per_change\":1,\"point_per_correct\":10,\"question_uuid\":\"759b7567-4c9c-4e10-ad18-55da3309154c\"}','2022-12-07 07:42:22','2022-12-07 07:42:22',7),(8,'Q2_3','2022-12-08 01:43:00','2022-12-08 01:46:00','{\"answer_data\":[{\"card\":\"J05\",\"offset\":11343},{\"card\":\"J11\",\"offset\":4987},{\"card\":\"E04\",\"offset\":13239},{\"card\":\"E13\",\"offset\":14372},{\"card\":\"J06\",\"offset\":7499},{\"card\":\"J42\",\"offset\":6743},{\"card\":\"J37\",\"offset\":10372},{\"card\":\"J14\",\"offset\":1725},{\"card\":\"E21\",\"offset\":7189},{\"card\":\"E36\",\"offset\":14172}],\"bonus_factor\":0.1,\"n_cards\":10,\"n_parts\":4,\"penalty_per_change\":1,\"point_per_correct\":10,\"question_uuid\":\"75739c23-5ca3-45f8-b758-9c08d9fc463d\"}','2022-12-07 07:51:28','2022-12-07 08:20:24',8),(9,'Q2_4','2022-12-08 01:47:00','2022-12-08 01:50:00','{\"answer_data\":[{\"card\":\"E42\",\"offset\":8354},{\"card\":\"E22\",\"offset\":8609},{\"card\":\"J26\",\"offset\":2846},{\"card\":\"E09\",\"offset\":12633},{\"card\":\"J37\",\"offset\":1628},{\"card\":\"E39\",\"offset\":4018},{\"card\":\"E29\",\"offset\":4848},{\"card\":\"J42\",\"offset\":4748},{\"card\":\"E33\",\"offset\":4536},{\"card\":\"E18\",\"offset\":7263},{\"card\":\"E44\",\"offset\":12995},{\"card\":\"J10\",\"offset\":1259}],\"bonus_factor\":0.1,\"n_cards\":12,\"n_parts\":4,\"penalty_per_change\":1,\"point_per_correct\":10,\"question_uuid\":\"b3295267-b8f4-406a-acfe-c86c42c62319\"}','2022-12-07 07:53:32','2022-12-07 08:20:42',9),(10,'Q2_5','2022-12-08 01:51:00','2022-12-08 01:54:00','{\"answer_data\":[{\"card\":\"E02\",\"offset\":6784},{\"card\":\"J10\",\"offset\":2985},{\"card\":\"J25\",\"offset\":9974},{\"card\":\"E13\",\"offset\":541},{\"card\":\"J35\",\"offset\":11812},{\"card\":\"E03\",\"offset\":4482},{\"card\":\"E18\",\"offset\":11922},{\"card\":\"E41\",\"offset\":1081},{\"card\":\"E33\",\"offset\":1607},{\"card\":\"J20\",\"offset\":2570},{\"card\":\"E28\",\"offset\":11769},{\"card\":\"E25\",\"offset\":5297},{\"card\":\"E08\",\"offset\":1628},{\"card\":\"E19\",\"offset\":14378},{\"card\":\"E09\",\"offset\":9558}],\"bonus_factor\":0.1,\"n_cards\":15,\"n_parts\":3,\"penalty_per_change\":1,\"point_per_correct\":10,\"question_uuid\":\"ebdebdf9-96b7-487d-8f1f-cb67da1fcf7b\"}','2022-12-07 07:54:25','2022-12-07 08:20:53',10),(11,'Q3_1','2022-12-08 02:10:00','2022-12-08 02:13:00','{\"answer_data\":[{\"card\":\"J06\",\"offset\":14118},{\"card\":\"E02\",\"offset\":13082},{\"card\":\"E08\",\"offset\":1329},{\"card\":\"J24\",\"offset\":13206},{\"card\":\"J14\",\"offset\":10777},{\"card\":\"E15\",\"offset\":8704},{\"card\":\"J39\",\"offset\":9367},{\"card\":\"J35\",\"offset\":61},{\"card\":\"E14\",\"offset\":6505},{\"card\":\"J43\",\"offset\":10946}],\"bonus_factor\":0.4,\"n_cards\":10,\"n_parts\":5,\"penalty_per_change\":2,\"point_per_correct\":10,\"question_uuid\":\"8e3fd0ad-2669-40e7-8985-30277502859b\"}','2022-12-07 07:56:56','2022-12-07 07:56:56',11),(12,'Q3_2','2022-12-08 02:14:00','2022-12-08 02:17:00','{\"answer_data\":[{\"card\":\"E42\",\"offset\":3723},{\"card\":\"E24\",\"offset\":892},{\"card\":\"E26\",\"offset\":11557},{\"card\":\"E08\",\"offset\":9191},{\"card\":\"J06\",\"offset\":9270},{\"card\":\"J39\",\"offset\":4926},{\"card\":\"J01\",\"offset\":2529},{\"card\":\"E37\",\"offset\":8580},{\"card\":\"J27\",\"offset\":74},{\"card\":\"J41\",\"offset\":1227},{\"card\":\"J07\",\"offset\":5537},{\"card\":\"E07\",\"offset\":2515}],\"bonus_factor\":0.4,\"n_cards\":12,\"n_parts\":5,\"penalty_per_change\":2,\"point_per_correct\":10,\"question_uuid\":\"65f0e0c7-7448-4cf0-b6ce-568a948e1d83\"}','2022-12-07 07:57:47','2022-12-07 07:57:47',12),(13,'Q3_3','2022-12-08 02:18:00','2022-12-08 02:21:00','{\"answer_data\":[{\"card\":\"E37\",\"offset\":9227},{\"card\":\"J42\",\"offset\":5385},{\"card\":\"E34\",\"offset\":8555},{\"card\":\"J43\",\"offset\":10040},{\"card\":\"E35\",\"offset\":12237},{\"card\":\"E10\",\"offset\":8042},{\"card\":\"E31\",\"offset\":10701},{\"card\":\"J41\",\"offset\":5817},{\"card\":\"E17\",\"offset\":6319},{\"card\":\"J23\",\"offset\":3687},{\"card\":\"E16\",\"offset\":14286},{\"card\":\"J21\",\"offset\":13901},{\"card\":\"E03\",\"offset\":5416},{\"card\":\"J26\",\"offset\":10765},{\"card\":\"J03\",\"offset\":221}],\"bonus_factor\":0.4,\"n_cards\":15,\"n_parts\":5,\"penalty_per_change\":2,\"point_per_correct\":10,\"question_uuid\":\"3f509ee3-d9e9-4748-afe1-ab7e7abad4a3\"}','2022-12-07 07:59:02','2022-12-07 07:59:02',13),(14,'Q3_4','2022-12-08 02:22:00','2022-12-08 02:25:00','{\"answer_data\":[{\"card\":\"J38\",\"offset\":11945},{\"card\":\"J22\",\"offset\":11746},{\"card\":\"E19\",\"offset\":13215},{\"card\":\"E15\",\"offset\":6033},{\"card\":\"E34\",\"offset\":10235},{\"card\":\"E14\",\"offset\":5221},{\"card\":\"E08\",\"offset\":7036},{\"card\":\"E04\",\"offset\":8108},{\"card\":\"J33\",\"offset\":6893},{\"card\":\"E10\",\"offset\":161},{\"card\":\"J02\",\"offset\":10588},{\"card\":\"J11\",\"offset\":4805},{\"card\":\"E21\",\"offset\":4754},{\"card\":\"J24\",\"offset\":8356},{\"card\":\"J32\",\"offset\":5604},{\"card\":\"E32\",\"offset\":8920},{\"card\":\"J06\",\"offset\":13763},{\"card\":\"E37\",\"offset\":6803}],\"bonus_factor\":0.4,\"n_cards\":18,\"n_parts\":5,\"penalty_per_change\":2,\"point_per_correct\":10,\"question_uuid\":\"79b6ec41-0625-45c9-9a72-e29f3176e5bf\"}','2022-12-07 07:59:49','2022-12-07 07:59:49',14),(15,'Q3_5','2022-12-08 02:26:00','2022-12-08 02:29:00','{\"answer_data\":[{\"card\":\"E25\",\"offset\":4116},{\"card\":\"E13\",\"offset\":1627},{\"card\":\"E09\",\"offset\":7671},{\"card\":\"E10\",\"offset\":10717},{\"card\":\"E40\",\"offset\":8200},{\"card\":\"J01\",\"offset\":11052},{\"card\":\"J44\",\"offset\":10796},{\"card\":\"J27\",\"offset\":4996},{\"card\":\"E36\",\"offset\":1373},{\"card\":\"E06\",\"offset\":8470},{\"card\":\"E19\",\"offset\":903},{\"card\":\"J43\",\"offset\":7429},{\"card\":\"E18\",\"offset\":2903},{\"card\":\"J15\",\"offset\":12931},{\"card\":\"E12\",\"offset\":14022},{\"card\":\"E03\",\"offset\":4979},{\"card\":\"E26\",\"offset\":2953},{\"card\":\"E23\",\"offset\":9992},{\"card\":\"E33\",\"offset\":10958},{\"card\":\"J41\",\"offset\":815}],\"bonus_factor\":0.4,\"n_cards\":20,\"n_parts\":4,\"penalty_per_change\":2,\"point_per_correct\":10,\"question_uuid\":\"8a363ebb-347a-44bd-b255-62606009e4e4\"}','2022-12-07 08:01:34','2022-12-07 08:01:34',15),(16,'Q4_1','2022-12-08 02:45:00','2022-12-08 02:48:00','{\"answer_data\":[{\"card\":\"J40\",\"offset\":6760},{\"card\":\"E34\",\"offset\":7809},{\"card\":\"E03\",\"offset\":13677},{\"card\":\"J14\",\"offset\":7481},{\"card\":\"E29\",\"offset\":11171},{\"card\":\"J02\",\"offset\":11971},{\"card\":\"J20\",\"offset\":5896},{\"card\":\"J22\",\"offset\":4563},{\"card\":\"J34\",\"offset\":11727},{\"card\":\"J17\",\"offset\":2937},{\"card\":\"E37\",\"offset\":13473},{\"card\":\"E32\",\"offset\":2394},{\"card\":\"J10\",\"offset\":12841},{\"card\":\"J43\",\"offset\":2797},{\"card\":\"J33\",\"offset\":9790},{\"card\":\"J19\",\"offset\":13489},{\"card\":\"J26\",\"offset\":10530},{\"card\":\"J39\",\"offset\":14356},{\"card\":\"J25\",\"offset\":1821},{\"card\":\"J06\",\"offset\":8829}],\"bonus_factor\":0.85,\"n_cards\":20,\"n_parts\":5,\"penalty_per_change\":2,\"point_per_correct\":10,\"question_uuid\":\"a4557eba-868c-449d-8af7-ca09023d553d\"}','2022-12-07 08:05:06','2022-12-07 08:05:06',16),(17,'Q4_2','2022-12-08 02:49:00','2022-12-08 02:52:00','{\"answer_data\":[{\"card\":\"J07\",\"offset\":12178},{\"card\":\"E20\",\"offset\":8559},{\"card\":\"E40\",\"offset\":1192},{\"card\":\"J38\",\"offset\":160},{\"card\":\"E15\",\"offset\":9968},{\"card\":\"E22\",\"offset\":13642},{\"card\":\"E41\",\"offset\":6769},{\"card\":\"E21\",\"offset\":6720},{\"card\":\"E25\",\"offset\":1758},{\"card\":\"J30\",\"offset\":10916},{\"card\":\"J11\",\"offset\":3212},{\"card\":\"E07\",\"offset\":6153},{\"card\":\"J01\",\"offset\":11287},{\"card\":\"J18\",\"offset\":1263},{\"card\":\"E09\",\"offset\":4025},{\"card\":\"E32\",\"offset\":349},{\"card\":\"J21\",\"offset\":126},{\"card\":\"J04\",\"offset\":6296},{\"card\":\"E29\",\"offset\":7355},{\"card\":\"E33\",\"offset\":13530}],\"bonus_factor\":0.85,\"n_cards\":20,\"n_parts\":5,\"penalty_per_change\":2,\"point_per_correct\":10,\"question_uuid\":\"34759b42-a3e9-4041-823c-232924321f19\"}','2022-12-07 08:05:56','2022-12-07 08:05:56',17),(18,'Q4_3','2022-12-08 02:53:00','2022-12-08 02:56:00','{\"answer_data\":[{\"card\":\"J25\",\"offset\":9168},{\"card\":\"E38\",\"offset\":7298},{\"card\":\"E44\",\"offset\":12304},{\"card\":\"J22\",\"offset\":7093},{\"card\":\"E05\",\"offset\":13029},{\"card\":\"E19\",\"offset\":11017},{\"card\":\"E43\",\"offset\":11839},{\"card\":\"J31\",\"offset\":13628},{\"card\":\"E12\",\"offset\":3190},{\"card\":\"J05\",\"offset\":3871},{\"card\":\"J03\",\"offset\":4950},{\"card\":\"J17\",\"offset\":12700},{\"card\":\"J43\",\"offset\":12241},{\"card\":\"J33\",\"offset\":9149},{\"card\":\"E29\",\"offset\":11368},{\"card\":\"E42\",\"offset\":9703},{\"card\":\"J23\",\"offset\":2032},{\"card\":\"E25\",\"offset\":1941},{\"card\":\"E34\",\"offset\":4437},{\"card\":\"J42\",\"offset\":410}],\"bonus_factor\":0.85,\"n_cards\":20,\"n_parts\":5,\"penalty_per_change\":2,\"point_per_correct\":10,\"question_uuid\":\"c1ea0b99-679e-40ac-9221-294d986a261e\"}','2022-12-07 08:06:35','2022-12-07 08:37:42',18),(19,'Q4_4','2022-12-08 02:57:00','2022-12-09 03:00:00','{\"answer_data\":[{\"card\":\"E19\",\"offset\":10688},{\"card\":\"J23\",\"offset\":10227},{\"card\":\"E37\",\"offset\":2337},{\"card\":\"J43\",\"offset\":12894},{\"card\":\"E07\",\"offset\":1570},{\"card\":\"E42\",\"offset\":8894},{\"card\":\"E23\",\"offset\":2131},{\"card\":\"E39\",\"offset\":110},{\"card\":\"E08\",\"offset\":3580},{\"card\":\"E15\",\"offset\":6335},{\"card\":\"J40\",\"offset\":2053},{\"card\":\"J32\",\"offset\":8803},{\"card\":\"J42\",\"offset\":3308},{\"card\":\"J36\",\"offset\":5480},{\"card\":\"E06\",\"offset\":14230},{\"card\":\"E09\",\"offset\":4846},{\"card\":\"E05\",\"offset\":3306},{\"card\":\"J08\",\"offset\":5024},{\"card\":\"E36\",\"offset\":6067},{\"card\":\"E14\",\"offset\":7951}],\"bonus_factor\":0.85,\"n_cards\":20,\"n_parts\":5,\"penalty_per_change\":2,\"point_per_correct\":10,\"question_uuid\":\"af39a1ed-8e8f-4256-8fe6-eb5448ec6d31\"}','2022-12-07 08:07:20','2022-12-07 08:38:03',19),(20,'Q4_5','2022-12-09 03:01:00','2022-12-10 03:04:00','{\"answer_data\":[{\"card\":\"E13\",\"offset\":14065},{\"card\":\"J08\",\"offset\":1502},{\"card\":\"J18\",\"offset\":3721},{\"card\":\"E42\",\"offset\":2270},{\"card\":\"E07\",\"offset\":5099},{\"card\":\"J29\",\"offset\":7257},{\"card\":\"J26\",\"offset\":12924},{\"card\":\"E41\",\"offset\":1154},{\"card\":\"E15\",\"offset\":8350},{\"card\":\"E37\",\"offset\":9545},{\"card\":\"J13\",\"offset\":3927},{\"card\":\"J38\",\"offset\":13804},{\"card\":\"E09\",\"offset\":10732},{\"card\":\"J02\",\"offset\":14205},{\"card\":\"E23\",\"offset\":8891},{\"card\":\"J27\",\"offset\":12444},{\"card\":\"E25\",\"offset\":5228},{\"card\":\"J03\",\"offset\":11809},{\"card\":\"J12\",\"offset\":13493},{\"card\":\"E32\",\"offset\":8830}],\"bonus_factor\":0.85,\"n_cards\":20,\"n_parts\":5,\"penalty_per_change\":2,\"point_per_correct\":10,\"question_uuid\":\"75b15367-8558-4b86-8a5e-ccd19dfd9b42\"}','2022-12-07 08:08:35','2022-12-07 08:38:18',20),(21,'Q_test','2022-12-08 00:25:00','2022-12-08 17:00:00','{\"answer_data\":[{\"card\":\"E12\",\"offset\":9739},{\"card\":\"J19\",\"offset\":2289},{\"card\":\"E32\",\"offset\":6912}],\"bonus_factor\":1,\"n_cards\":3,\"n_parts\":2,\"penalty_per_change\":2,\"point_per_correct\":10,\"question_uuid\":\"6058336b-ec78-44f1-8208-bec4771384f5\"}','2022-12-07 08:56:51','2022-12-08 00:32:14',21);
/*!40000 ALTER TABLE `question` ENABLE KEYS */;
UNLOCK TABLES;

--
-- Table structure for table `round`
--

DROP TABLE IF EXISTS `round`;
/*!40101 SET @saved_cs_client     = @@character_set_client */;
/*!50503 SET character_set_client = utf8mb4 */;
CREATE TABLE `round` (
  `id` int NOT NULL AUTO_INCREMENT,
  `name` varchar(255) NOT NULL,
  `description` text,
  `createdAt` datetime NOT NULL,
  `updatedAt` datetime NOT NULL,
  `tournament_id` int NOT NULL,
  PRIMARY KEY (`id`),
  UNIQUE KEY `Items_unique` (`name`,`tournament_id`),
  KEY `tournament_id` (`tournament_id`),
  CONSTRAINT `round_ibfk_1` FOREIGN KEY (`tournament_id`) REFERENCES `tournament` (`id`) ON DELETE CASCADE ON UPDATE CASCADE
) ENGINE=InnoDB AUTO_INCREMENT=6 DEFAULT CHARSET=utf8mb4 COLLATE=utf8mb4_0900_ai_ci;
/*!40101 SET character_set_client = @saved_cs_client */;

--
-- Dumping data for table `round`
--

LOCK TABLES `round` WRITE;
/*!40000 ALTER TABLE `round` DISABLE KEYS */;
INSERT INTO `round` VALUES (1,'Round 1','Vong 1','2022-12-07 07:03:41','2022-12-07 07:03:41',1),(2,'Round 2','Vong 2','2022-12-07 07:03:49','2022-12-07 07:03:49',1),(3,'Round 3','Vong 3','2022-12-07 07:03:59','2022-12-07 07:03:59',1),(4,'Round 4','Vong 4','2022-12-07 07:04:08','2022-12-07 07:04:08',1),(5,'Round test','Round test','2022-12-07 08:55:20','2022-12-07 08:55:20',1);
/*!40000 ALTER TABLE `round` ENABLE KEYS */;
UNLOCK TABLES;

--
-- Table structure for table `team`
--

DROP TABLE IF EXISTS `team`;
/*!40101 SET @saved_cs_client     = @@character_set_client */;
/*!50503 SET character_set_client = utf8mb4 */;
CREATE TABLE `team` (
  `id` int NOT NULL AUTO_INCREMENT,
  `name` varchar(255) NOT NULL,
  `account` varchar(255) NOT NULL,
  `password` text NOT NULL,
  `is_admin` tinyint(1) DEFAULT '0',
  `createdAt` datetime NOT NULL,
  `updatedAt` datetime NOT NULL,
  PRIMARY KEY (`id`),
  UNIQUE KEY `name` (`name`),
  UNIQUE KEY `account` (`account`)
) ENGINE=InnoDB AUTO_INCREMENT=27 DEFAULT CHARSET=utf8mb4 COLLATE=utf8mb4_0900_ai_ci;
/*!40101 SET character_set_client = @saved_cs_client */;

--
-- Dumping data for table `team`
--

LOCK TABLES `team` WRITE;
/*!40000 ALTER TABLE `team` DISABLE KEYS */;
INSERT INTO `team` VALUES (1,'SIU_Marble','SIU_Marble','$2b$10$1Ze5fdAl79zWZ3R/9Y/4iuTQpRr4V8W.8ILSuq35lL8TUNG8yvnL6',0,'2022-12-07 07:07:11','2022-12-07 07:07:11'),(2,'CTU.FFT','CTU.FFT','$2b$10$xQaKs1./HMP2PsZsLHPVf.Dnt0jS9LwX5v.wNF8qtBtDyYSmYaLHK',0,'2022-12-07 07:08:17','2022-12-07 07:08:17'),(3,'CTU.DFT','CTU.DFT','$2b$10$q9BUNWeQKRqL04xypZChqO8y9Yc.w6paqAAgvz6pmwbLLXORUZb2a',0,'2022-12-07 07:09:06','2022-12-07 07:09:06'),(6,'HaUI.MiuXinhhh','HaUI.MiuXinhhh','$2b$10$J4CQWn/AP1.n6vKNAlNgHOtCw/sfLV51i01Hme3Yx77A97K06foA.',0,'2022-12-07 07:10:37','2022-12-07 07:10:37'),(8,'YU.HIT','YU.HIT','$2b$10$y0zOejiEvRtjCb.hXk/ujOIFlsSyIXRWpiN/QrGvlf08DhE85bz9m',0,'2022-12-07 07:11:08','2022-12-07 07:11:08'),(9,'YU.PIT','YU.PIT','$2b$10$zcrXDRt4XKrwMMas8QcKnOpIRmdkoz9cVSrJk8Zw84y1AJh90MNYO',0,'2022-12-07 07:11:22','2022-12-07 07:11:22'),(10,'YU.Meow','YU.Meow','$2b$10$NcVmI0e7M7JWVHNXJUAAzeU48HDpbNizYOWuOtP3Am5r6BTn1RhG6',0,'2022-12-07 07:11:36','2022-12-07 07:11:36'),(11,'BK.PuzzleGod','BK.PuzzleGod','$2b$10$5VFSBkFbcgRK2i8WsRRxDeJ566l8o92tmaFBANl4avukalCx87zAq',0,'2022-12-07 07:11:49','2022-12-07 07:11:49'),(14,'3Chubedan','3Chubedan','$2b$10$2ELR21Oh8AOBMp/KO7t6dufn6fili0udbm4DBN16eitlXsuW7zOQ6',0,'2022-12-07 08:12:01','2022-12-07 08:12:01'),(15,'DTU.DZ1','DTU.DZ1','$2b$10$EA9IrUOBiHyS2E57r7AlDO.qwvoCcqvvoKOqdn.NTNmC1Yvj05KsS',0,'2022-12-07 08:12:29','2022-12-07 08:12:29'),(17,'Karuta_Destroyer','Karuta_Destroyer','$2b$10$u75XOlnj/sStT.9Vgr4q8eDts6gWL80Q5qJCw2G8d1wRCTMfGSg8.',0,'2022-12-07 08:13:50','2022-12-07 08:13:50'),(18,'In the memory of Danh Trung','In the memory of Danh Trung','$2b$10$vUjfMDOcpDdGwrOh1eFVyOU1Hdg/P6GleUn7evMtoHFYBg4pAV1Vu',0,'2022-12-07 08:15:03','2022-12-07 08:15:03'),(19,'HCMUE','HCMUE','$2b$10$HF224JMuEKFczl/oJxledeE1BCnyWFelWTU3FYShsGslihfYqz0te',0,'2022-12-07 08:15:26','2022-12-07 08:15:26'),(20,'PKA','PKA','$2b$10$Z.bgzHDgABVoHyim7TGqJ.VtV1j60HSkq/oAyhkLbbXpdSn0IBgVu',0,'2022-12-07 08:15:40','2022-12-07 08:15:40'),(21,'TalentedClowns','TalentedClowns','$2b$10$vGZlHqIIE6o0go.bkM/q2uP2yH9VEeU3.4OQtyRzTYLR2RYunnNam',0,'2022-12-07 08:16:03','2022-12-07 08:16:03'),(22,'DAU.DONE','DAU.DONE','$2b$10$Crv9Eo8YirSzHzc9AFTy1.PviiWpdpetNd4YUP1Xy8wcLMI7xwPlS',0,'2022-12-07 08:16:20','2022-12-07 08:16:20'),(23,'NguyenAI','NguyenAI','$2b$10$mdChDg2O4o4L3r9sRd/5W..vp0KRBREpISa9kZjhQhfYoUxdvDbim',0,'2022-12-07 08:17:57','2022-12-07 08:17:57'),(24,'RD320','RD320','$2b$10$Zxw.KQyTkl.Nuzcxg6fiNe/hgzjNQ0B5vwsI6Rnb2DxJZf6Io.cMq',0,'2022-12-07 08:18:16','2022-12-07 08:18:16'),(25,'HaUI.The_Three_Amigos','HaUI.The_Three_Amigos','$2b$10$YbIgqmVRn5gIffTP0XD25OdJQonotmgza7y2nrkeeMWPr/qj.dFHa',0,'2022-12-08 00:34:44','2022-12-08 00:34:44'),(26,'DTU.DZ2','DTU.DZ2','$2b$10$1gvbR07EXqNJ8QHsz4h0mOYk8Ul0uIsodx9FBV3rhe25VLcpzRX7q',0,'2022-12-08 01:41:36','2022-12-08 01:41:36');
/*!40000 ALTER TABLE `team` ENABLE KEYS */;
UNLOCK TABLES;

--
-- Table structure for table `team_match`
--

DROP TABLE IF EXISTS `team_match`;
/*!40101 SET @saved_cs_client     = @@character_set_client */;
/*!50503 SET character_set_client = utf8mb4 */;
CREATE TABLE `team_match` (
  `createdAt` datetime NOT NULL,
  `updatedAt` datetime NOT NULL,
  `match_id` int NOT NULL,
  `team_id` int NOT NULL,
  PRIMARY KEY (`match_id`,`team_id`),
  KEY `team_id` (`team_id`),
  CONSTRAINT `team_match_ibfk_1` FOREIGN KEY (`match_id`) REFERENCES `match` (`id`) ON DELETE CASCADE ON UPDATE CASCADE,
  CONSTRAINT `team_match_ibfk_2` FOREIGN KEY (`team_id`) REFERENCES `team` (`id`) ON DELETE CASCADE ON UPDATE CASCADE
) ENGINE=InnoDB DEFAULT CHARSET=utf8mb4 COLLATE=utf8mb4_0900_ai_ci;
/*!40101 SET character_set_client = @saved_cs_client */;

--
-- Dumping data for table `team_match`
--

LOCK TABLES `team_match` WRITE;
/*!40000 ALTER TABLE `team_match` DISABLE KEYS */;
INSERT INTO `team_match` VALUES ('2022-12-07 08:21:12','2022-12-07 08:21:12',1,1),('2022-12-07 08:21:15','2022-12-07 08:21:15',1,2),('2022-12-07 08:21:18','2022-12-07 08:21:18',1,3),('2022-12-07 08:21:23','2022-12-07 08:21:23',1,6),('2022-12-07 08:21:31','2022-12-07 08:21:31',1,8),('2022-12-07 08:21:40','2022-12-07 08:21:40',1,9),('2022-12-07 08:21:45','2022-12-07 08:21:45',1,10),('2022-12-07 08:21:51','2022-12-07 08:21:51',1,11),('2022-12-07 08:21:56','2022-12-07 08:21:56',1,14),('2022-12-07 08:22:01','2022-12-07 08:22:01',1,15),('2022-12-07 08:22:12','2022-12-07 08:22:12',1,17),('2022-12-07 08:22:17','2022-12-07 08:22:17',1,18),('2022-12-07 08:22:22','2022-12-07 08:22:22',1,19),('2022-12-07 08:22:27','2022-12-07 08:22:27',1,20),('2022-12-07 08:22:32','2022-12-07 08:22:32',1,21),('2022-12-07 08:22:36','2022-12-07 08:22:36',1,22),('2022-12-07 08:22:40','2022-12-07 08:22:40',1,23),('2022-12-07 08:22:45','2022-12-07 08:22:45',1,24),('2022-12-08 00:35:37','2022-12-08 00:35:37',1,25),('2022-12-07 08:23:11','2022-12-07 08:23:11',2,1),('2022-12-07 08:23:15','2022-12-07 08:23:15',2,2),('2022-12-07 08:23:17','2022-12-07 08:23:17',2,3),('2022-12-07 08:23:20','2022-12-07 08:23:20',2,6),('2022-12-07 08:23:27','2022-12-07 08:23:27',2,8),('2022-12-07 08:23:31','2022-12-07 08:23:31',2,9),('2022-12-07 08:23:34','2022-12-07 08:23:34',2,10),('2022-12-07 08:23:39','2022-12-07 08:23:39',2,11),('2022-12-07 08:23:48','2022-12-07 08:23:48',2,14),('2022-12-07 08:23:56','2022-12-07 08:23:56',2,15),('2022-12-07 08:24:04','2022-12-07 08:24:04',2,17),('2022-12-07 08:24:14','2022-12-07 08:24:14',2,18),('2022-12-07 08:24:18','2022-12-07 08:24:18',2,19),('2022-12-07 08:24:22','2022-12-07 08:24:22',2,20),('2022-12-07 08:24:27','2022-12-07 08:24:27',2,21),('2022-12-07 08:24:40','2022-12-07 08:24:40',2,22),('2022-12-07 08:24:44','2022-12-07 08:24:44',2,23),('2022-12-07 08:24:47','2022-12-07 08:24:47',2,24),('2022-12-08 00:35:44','2022-12-08 00:35:44',2,25),('2022-12-07 08:24:53','2022-12-07 08:24:53',3,1),('2022-12-07 08:24:56','2022-12-07 08:24:56',3,2),('2022-12-07 08:25:01','2022-12-07 08:25:01',3,3),('2022-12-07 08:25:05','2022-12-07 08:25:05',3,6),('2022-12-07 08:25:11','2022-12-07 08:25:11',3,8),('2022-12-07 08:25:15','2022-12-07 08:25:15',3,9),('2022-12-07 08:25:19','2022-12-07 08:25:19',3,10),('2022-12-07 08:25:23','2022-12-07 08:25:23',3,11),('2022-12-07 08:25:27','2022-12-07 08:25:27',3,14),('2022-12-07 08:25:31','2022-12-07 08:25:31',3,15),('2022-12-07 08:25:38','2022-12-07 08:25:38',3,17),('2022-12-07 08:25:42','2022-12-07 08:25:42',3,18),('2022-12-07 08:25:46','2022-12-07 08:25:46',3,19),('2022-12-07 08:25:51','2022-12-07 08:25:51',3,20),('2022-12-07 08:26:02','2022-12-07 08:26:02',3,21),('2022-12-07 08:26:05','2022-12-07 08:26:05',3,22),('2022-12-07 08:26:09','2022-12-07 08:26:09',3,23),('2022-12-07 08:26:13','2022-12-07 08:26:13',3,24),('2022-12-08 00:35:50','2022-12-08 00:35:50',3,25),('2022-12-07 08:26:18','2022-12-07 08:26:18',4,1),('2022-12-07 08:26:21','2022-12-07 08:26:21',4,2),('2022-12-07 08:26:25','2022-12-07 08:26:25',4,3),('2022-12-07 08:26:28','2022-12-07 08:26:28',4,6),('2022-12-07 08:26:34','2022-12-07 08:26:34',4,8),('2022-12-07 08:26:38','2022-12-07 08:26:38',4,9),('2022-12-07 08:26:41','2022-12-07 08:26:41',4,10),('2022-12-07 08:26:45','2022-12-07 08:26:45',4,11),('2022-12-07 08:26:48','2022-12-07 08:26:48',4,14),('2022-12-07 08:26:55','2022-12-07 08:26:55',4,15),('2022-12-07 08:27:04','2022-12-07 08:27:04',4,17),('2022-12-07 08:27:12','2022-12-07 08:27:12',4,18),('2022-12-07 08:27:17','2022-12-07 08:27:17',4,19),('2022-12-07 08:27:24','2022-12-07 08:27:24',4,20),('2022-12-07 08:27:28','2022-12-07 08:27:28',4,21),('2022-12-07 08:27:32','2022-12-07 08:27:32',4,22),('2022-12-07 08:27:36','2022-12-07 08:27:36',4,23),('2022-12-07 08:27:40','2022-12-07 08:27:40',4,24),('2022-12-08 00:35:57','2022-12-08 00:35:57',4,25),('2022-12-07 08:27:45','2022-12-07 08:27:45',5,1),('2022-12-07 08:27:49','2022-12-07 08:27:49',5,2),('2022-12-07 08:27:53','2022-12-07 08:27:53',5,3),('2022-12-07 08:27:56','2022-12-07 08:27:56',5,6),('2022-12-07 08:28:06','2022-12-07 08:28:06',5,8),('2022-12-07 08:28:10','2022-12-07 08:28:10',5,9),('2022-12-07 08:28:14','2022-12-07 08:28:14',5,10),('2022-12-07 08:28:19','2022-12-07 08:28:19',5,11),('2022-12-07 08:28:24','2022-12-07 08:28:24',5,14),('2022-12-07 08:28:29','2022-12-07 08:28:29',5,15),('2022-12-07 08:28:40','2022-12-07 08:28:40',5,17),('2022-12-07 08:28:44','2022-12-07 08:28:44',5,18),('2022-12-07 08:28:55','2022-12-07 08:28:55',5,19),('2022-12-07 08:28:59','2022-12-07 08:28:59',5,20),('2022-12-07 08:29:04','2022-12-07 08:29:04',5,21),('2022-12-07 08:29:07','2022-12-07 08:29:07',5,22),('2022-12-07 08:29:16','2022-12-07 08:29:16',5,23),('2022-12-07 08:29:20','2022-12-07 08:29:20',5,24),('2022-12-08 00:36:04','2022-12-08 00:36:04',5,25),('2022-12-07 08:57:22','2022-12-07 08:57:22',21,1),('2022-12-07 08:57:26','2022-12-07 08:57:26',21,2),('2022-12-07 08:57:29','2022-12-07 08:57:29',21,3),('2022-12-07 08:57:33','2022-12-07 08:57:33',21,6),('2022-12-07 08:57:40','2022-12-07 08:57:40',21,8),('2022-12-07 08:57:53','2022-12-07 08:57:53',21,9),('2022-12-07 08:57:56','2022-12-07 08:57:56',21,10),('2022-12-07 08:58:00','2022-12-07 08:58:00',21,11),('2022-12-07 08:58:12','2022-12-07 08:58:12',21,14),('2022-12-07 08:58:18','2022-12-07 08:58:18',21,15),('2022-12-07 08:58:28','2022-12-07 08:58:28',21,17),('2022-12-07 08:58:50','2022-12-07 08:58:50',21,18),('2022-12-07 08:58:54','2022-12-07 08:58:54',21,19),('2022-12-07 08:58:58','2022-12-07 08:58:58',21,20),('2022-12-07 08:59:02','2022-12-07 08:59:02',21,21),('2022-12-07 08:59:06','2022-12-07 08:59:06',21,22),('2022-12-07 08:59:10','2022-12-07 08:59:10',21,23),('2022-12-07 08:59:18','2022-12-07 08:59:18',21,24),('2022-12-08 00:35:00','2022-12-08 00:35:00',21,25);
/*!40000 ALTER TABLE `team_match` ENABLE KEYS */;
UNLOCK TABLES;

--
-- Table structure for table `tournament`
--

DROP TABLE IF EXISTS `tournament`;
/*!40101 SET @saved_cs_client     = @@character_set_client */;
/*!50503 SET character_set_client = utf8mb4 */;
CREATE TABLE `tournament` (
  `id` int NOT NULL AUTO_INCREMENT,
  `name` varchar(255) NOT NULL,
  `description` text,
  `createdAt` datetime NOT NULL,
  `updatedAt` datetime NOT NULL,
  PRIMARY KEY (`id`),
  UNIQUE KEY `name` (`name`)
) ENGINE=InnoDB AUTO_INCREMENT=2 DEFAULT CHARSET=utf8mb4 COLLATE=utf8mb4_0900_ai_ci;
/*!40101 SET character_set_client = @saved_cs_client */;

--
-- Dumping data for table `tournament`
--

LOCK TABLES `tournament` WRITE;
/*!40000 ALTER TABLE `tournament` DISABLE KEYS */;
INSERT INTO `tournament` VALUES (1,'Procon Contest 2022','Procon 2022','2022-12-07 07:03:24','2022-12-07 07:03:24');
/*!40000 ALTER TABLE `tournament` ENABLE KEYS */;
UNLOCK TABLES;
/*!40103 SET TIME_ZONE=@OLD_TIME_ZONE */;

/*!40101 SET SQL_MODE=@OLD_SQL_MODE */;
/*!40014 SET FOREIGN_KEY_CHECKS=@OLD_FOREIGN_KEY_CHECKS */;
/*!40014 SET UNIQUE_CHECKS=@OLD_UNIQUE_CHECKS */;
/*!40101 SET CHARACTER_SET_CLIENT=@OLD_CHARACTER_SET_CLIENT */;
/*!40101 SET CHARACTER_SET_RESULTS=@OLD_CHARACTER_SET_RESULTS */;
/*!40101 SET COLLATION_CONNECTION=@OLD_COLLATION_CONNECTION */;
/*!40111 SET SQL_NOTES=@OLD_SQL_NOTES */;

-- Dump completed on 2022-12-08  8:58:55
