-- MySQL dump 10.13  Distrib 8.0.31, for Linux (x86_64)
--
-- Host: localhost    Database: procon2022
-- ------------------------------------------------------
-- Server version	8.0.31-0ubuntu0.20.04.1

/*!40101 SET @OLD_CHARACTER_SET_CLIENT=@@CHARACTER_SET_CLIENT */;
/*!40101 SET @OLD_CHARACTER_SET_RESULTS=@@CHARACTER_SET_RESULTS */;
/*!40101 SET @OLD_COLLATION_CONNECTION=@@COLLATION_CONNECTION */;
/*!50503 SET NAMES utf8mb4 */;
/*!40103 SET @OLD_TIME_ZONE=@@TIME_ZONE */;
/*!40103 SET TIME_ZONE='+00:00' */;
/*!40014 SET @OLD_UNIQUE_CHECKS=@@UNIQUE_CHECKS, UNIQUE_CHECKS=0 */;
/*!40014 SET @OLD_FOREIGN_KEY_CHECKS=@@FOREIGN_KEY_CHECKS, FOREIGN_KEY_CHECKS=0 */;
/*!40101 SET @OLD_SQL_MODE=@@SQL_MODE, SQL_MODE='NO_AUTO_VALUE_ON_ZERO' */;
/*!40111 SET @OLD_SQL_NOTES=@@SQL_NOTES, SQL_NOTES=0 */;

--
-- Table structure for table `answer`
--

DROP TABLE IF EXISTS `answer`;
/*!40101 SET @saved_cs_client     = @@character_set_client */;
/*!50503 SET character_set_client = utf8mb4 */;
CREATE TABLE `answer` (
  `id` int NOT NULL AUTO_INCREMENT,
  `answer_data` text,
  `score_data` text,
  `createdAt` datetime NOT NULL,
  `updatedAt` datetime NOT NULL,
  `match_id` int NOT NULL,
  `team_id` int NOT NULL,
  `question_id` int NOT NULL,
  PRIMARY KEY (`id`),
  UNIQUE KEY `Items_unique` (`team_id`,`question_id`),
  KEY `match_id` (`match_id`),
  KEY `question_id` (`question_id`),
  CONSTRAINT `answer_ibfk_1` FOREIGN KEY (`match_id`) REFERENCES `match` (`id`) ON DELETE CASCADE ON UPDATE CASCADE,
  CONSTRAINT `answer_ibfk_2` FOREIGN KEY (`team_id`) REFERENCES `team` (`id`) ON DELETE CASCADE ON UPDATE CASCADE,
  CONSTRAINT `answer_ibfk_3` FOREIGN KEY (`question_id`) REFERENCES `question` (`id`) ON DELETE CASCADE ON UPDATE CASCADE
) ENGINE=InnoDB AUTO_INCREMENT=189 DEFAULT CHARSET=utf8mb4 COLLATE=utf8mb4_0900_ai_ci;
/*!40101 SET character_set_client = @saved_cs_client */;

--
-- Dumping data for table `answer`
--

LOCK TABLES `answer` WRITE;
/*!40000 ALTER TABLE `answer` DISABLE KEYS */;
INSERT INTO `answer` VALUES (7,'[\"J01\",\"J01\",\"J01\"]','{\"answer_uuid\":\"6058336b-ec78-44f1-8208-bec4771384f521\",\"received_ids\":2,\"score_data\":{\"card_selected\":[\"J01\",\"J01\",\"J01\"],\"changed\":21,\"correct\":0,\"mse\":7.301758053581429,\"parts_needed\":2,\"score\":{\"final_bonus_factor\":0,\"final_score\":-42,\"max_score\":45,\"penalties\":42,\"raw_score\":0}}}','2022-12-08 00:35:23','2022-12-08 00:54:01',21,21,21),(11,'[\"J19\",\"J21\",\"J23\"]','{\"answer_uuid\":\"6058336b-ec78-44f1-8208-bec4771384f522\",\"received_ids\":2,\"score_data\":{\"card_selected\":[\"J19\",\"J21\",\"J23\"],\"changed\":2,\"mse\":4.319638439657827,\"parts_needed\":2,\"score\":{\"final_bonus_factor\":0,\"final_score\":6,\"max_score\":45,\"penalties\":4,\"raw_score\":10}}}','2022-12-08 00:40:03','2022-12-08 00:40:50',21,22,21),(12,'[\"E01\",\"E02\",\"E03\"]','{\"answer_uuid\":\"6058336b-ec78-44f1-8208-bec4771384f51\",\"received_ids\":1,\"score_data\":{\"card_selected\":[\"E01\",\"E02\",\"E03\"],\"changed\":0,\"correct\":0,\"mse\":8.593004415444062,\"parts_needed\":1,\"score\":{\"final_bonus_factor\":0.5,\"final_score\":0,\"max_score\":45,\"penalties\":0,\"raw_score\":0}}}','2022-12-08 00:40:43','2022-12-08 00:40:43',21,1,21),(14,'[\"E16\",\"E24\",\"E32\"]','{\"answer_uuid\":\"6058336b-ec78-44f1-8208-bec4771384f510\",\"received_ids\":1,\"score_data\":{\"card_selected\":[\"E16\",\"E24\",\"E32\"],\"changed\":6,\"mse\":7.64070687838593,\"parts_needed\":1,\"score\":{\"final_bonus_factor\":0.5,\"final_score\":-3,\"max_score\":45,\"penalties\":12,\"raw_score\":10}}}','2022-12-08 00:43:37','2022-12-08 00:49:12',21,10,21),(15,'[\"E32\",\"E37\",\"J32\"]','{\"answer_uuid\":\"6058336b-ec78-44f1-8208-bec4771384f58\",\"received_ids\":1,\"score_data\":{\"card_selected\":[\"E32\",\"E37\",\"J32\"],\"changed\":5,\"mse\":6.420953349060232,\"parts_needed\":1,\"score\":{\"final_bonus_factor\":0.5,\"final_score\":0,\"max_score\":45,\"penalties\":10,\"raw_score\":10}}}','2022-12-08 00:45:58','2022-12-08 00:52:13',21,8,21),(17,'[\"E01\",\"E02\",\"E32\"]','{\"answer_uuid\":\"6058336b-ec78-44f1-8208-bec4771384f59\",\"received_ids\":1,\"score_data\":{\"card_selected\":[\"E01\",\"E02\",\"E32\"],\"changed\":1,\"mse\":6.223649118834465,\"parts_needed\":1,\"score\":{\"final_bonus_factor\":0.5,\"final_score\":12,\"max_score\":45,\"penalties\":2,\"raw_score\":10}}}','2022-12-08 00:48:21','2022-12-08 00:50:35',21,9,21),(18,'[\"E14\",\"E34\",\"J10\"]','{\"answer_uuid\":\"6904ae4e-8e38-4e21-924a-c7c39a4c596a21\",\"received_ids\":1,\"score_data\":{\"card_selected\":[\"E14\",\"E34\",\"J10\"],\"changed\":75,\"mse\":4.297153413715724,\"parts_needed\":1,\"score\":{\"final_bonus_factor\":0,\"final_score\":22,\"max_score\":30,\"penalties\":8,\"raw_score\":30}}}','2022-12-08 01:00:27','2022-12-08 01:00:29',1,21,1),(21,'[\"E23\",\"E35\",\"J23\"]','{\"answer_uuid\":\"6904ae4e-8e38-4e21-924a-c7c39a4c596a22\",\"received_ids\":2,\"score_data\":{\"card_selected\":[\"E23\",\"E35\",\"J23\"],\"changed\":3,\"correct\":0,\"mse\":9.743158610737241,\"parts_needed\":2,\"score\":{\"final_bonus_factor\":0,\"final_score\":0,\"max_score\":30,\"penalties\":0,\"raw_score\":0}}}','2022-12-08 01:00:36','2022-12-08 01:02:00',1,22,1),(30,'[\"E19\",\"E25\",\"E31\"]','{\"answer_uuid\":\"6904ae4e-8e38-4e21-924a-c7c39a4c596a8\",\"received_ids\":1,\"score_data\":{\"card_selected\":[\"E19\",\"E25\",\"E31\"],\"changed\":0,\"correct\":0,\"mse\":11.294074875623796,\"parts_needed\":1,\"score\":{\"final_bonus_factor\":0,\"final_score\":0,\"max_score\":30,\"penalties\":0,\"raw_score\":0}}}','2022-12-08 01:01:20','2022-12-08 01:01:20',1,8,1),(33,'[\"E19\",\"E25\",\"E31\"]','{\"answer_uuid\":\"6904ae4e-8e38-4e21-924a-c7c39a4c596a10\",\"received_ids\":1,\"score_data\":{\"card_selected\":[\"E19\",\"E25\",\"E31\"],\"changed\":0,\"correct\":0,\"mse\":11.294074875623796,\"parts_needed\":1,\"score\":{\"final_bonus_factor\":0,\"final_score\":0,\"max_score\":30,\"penalties\":0,\"raw_score\":0}}}','2022-12-08 01:02:19','2022-12-08 01:02:19',1,10,1),(34,'[\"E34\",\"J35\",\"J42\"]','{\"answer_uuid\":\"6904ae4e-8e38-4e21-924a-c7c39a4c596a19\",\"received_ids\":1,\"score_data\":{\"card_selected\":[\"E34\",\"J35\",\"J42\"],\"changed\":0,\"mse\":7.9131537384365345,\"parts_needed\":1,\"score\":{\"final_bonus_factor\":0,\"final_score\":10,\"max_score\":30,\"penalties\":0,\"raw_score\":10}}}','2022-12-08 01:02:35','2022-12-08 01:02:35',1,19,1),(35,'[\"E06\",\"E14\",\"E34\"]','{\"answer_uuid\":\"6904ae4e-8e38-4e21-924a-c7c39a4c596a1\",\"received_ids\":1,\"score_data\":{\"card_selected\":[\"E06\",\"E14\",\"E34\"],\"changed\":0,\"mse\":6.371767844504802,\"parts_needed\":1,\"score\":{\"final_bonus_factor\":0,\"final_score\":20,\"max_score\":30,\"penalties\":0,\"raw_score\":20}}}','2022-12-08 01:02:49','2022-12-08 01:02:49',1,1,1),(36,'[\"J01\",\"J02\",\"J03\",\"J04\",\"J05\"]','{\"answer_uuid\":\"a8d9cd10-7eb7-44cb-a94c-1af44eb3239121\",\"received_ids\":1,\"score_data\":{\"card_selected\":[\"J01\",\"J02\",\"J03\",\"J04\",\"J05\"],\"changed\":87,\"correct\":0,\"mse\":8.630786808957266,\"parts_needed\":1,\"score\":{\"final_bonus_factor\":0,\"final_score\":-9,\"max_score\":50,\"penalties\":9,\"raw_score\":0}}}','2022-12-08 01:04:29','2022-12-08 01:06:35',2,21,2),(40,'[\"E01\",\"J23\",\"J27\",\"J36\",\"J40\"]','{\"answer_uuid\":\"a8d9cd10-7eb7-44cb-a94c-1af44eb3239122\",\"received_ids\":1,\"score_data\":{\"card_selected\":[\"E01\",\"J23\",\"J27\",\"J36\",\"J40\"],\"changed\":0,\"mse\":7.547655338644294,\"parts_needed\":1,\"score\":{\"final_bonus_factor\":0,\"final_score\":10,\"max_score\":50,\"penalties\":0,\"raw_score\":10}}}','2022-12-08 01:04:55','2022-12-08 01:04:55',2,22,2),(47,'[\"E19\",\"E30\",\"E33\",\"E34\",\"E41\"]','{\"answer_uuid\":\"a8d9cd10-7eb7-44cb-a94c-1af44eb323918\",\"received_ids\":1,\"score_data\":{\"card_selected\":[\"E19\",\"E30\",\"E33\",\"E34\",\"E41\"],\"changed\":0,\"correct\":0,\"mse\":11.127788969999683,\"parts_needed\":1,\"score\":{\"final_bonus_factor\":0,\"final_score\":0,\"max_score\":50,\"penalties\":0,\"raw_score\":0}}}','2022-12-08 01:05:16','2022-12-08 01:05:16',2,8,2),(51,'[\"E03\",\"E08\",\"E22\",\"E28\",\"E39\"]','{\"answer_uuid\":\"a8d9cd10-7eb7-44cb-a94c-1af44eb3239110\",\"received_ids\":1,\"score_data\":{\"card_selected\":[\"E03\",\"E08\",\"E22\",\"E28\",\"E39\"],\"changed\":0,\"correct\":0,\"mse\":11.01432116003987,\"parts_needed\":1,\"score\":{\"final_bonus_factor\":0,\"final_score\":0,\"max_score\":50,\"penalties\":0,\"raw_score\":0}}}','2022-12-08 01:06:05','2022-12-08 01:06:05',2,10,2),(52,'[\"E01\",\"E02\",\"E03\",\"J26\",\"J33\"]','{\"answer_uuid\":\"a8d9cd10-7eb7-44cb-a94c-1af44eb323919\",\"received_ids\":1,\"score_data\":{\"card_selected\":[\"E01\",\"E02\",\"E03\",\"J26\",\"J33\"],\"changed\":0,\"mse\":8.866799789571683,\"parts_needed\":1,\"score\":{\"final_bonus_factor\":0,\"final_score\":10,\"max_score\":50,\"penalties\":0,\"raw_score\":10}}}','2022-12-08 01:06:14','2022-12-08 01:06:14',2,9,2),(54,'[\"J01\",\"J02\",\"J03\",\"J04\",\"J05\",\"J06\",\"J07\"]','{\"answer_uuid\":\"cb1da883-d1e7-468a-9634-91fb89d3201f21\",\"received_ids\":1,\"score_data\":{\"card_selected\":[\"J01\",\"J02\",\"J03\",\"J04\",\"J05\",\"J06\",\"J07\"],\"changed\":0,\"mse\":7.366744916652722,\"parts_needed\":1,\"score\":{\"final_bonus_factor\":0,\"final_score\":10,\"max_score\":70,\"penalties\":0,\"raw_score\":10}}}','2022-12-08 01:08:23','2022-12-08 01:08:23',3,21,3),(57,'[\"E05\",\"E37\",\"J15\",\"J16\",\"J24\",\"J27\",\"J42\"]','{\"answer_uuid\":\"cb1da883-d1e7-468a-9634-91fb89d3201f22\",\"received_ids\":1,\"score_data\":{\"card_selected\":[\"E05\",\"E37\",\"J15\",\"J16\",\"J24\",\"J27\",\"J42\"],\"changed\":0,\"mse\":7.424835314085925,\"parts_needed\":1,\"score\":{\"final_bonus_factor\":0,\"final_score\":10,\"max_score\":70,\"penalties\":0,\"raw_score\":10}}}','2022-12-08 01:08:33','2022-12-08 01:08:33',3,22,3),(62,'[\"E05\",\"E18\",\"E27\",\"E34\",\"E37\",\"E40\",\"E41\"]','{\"answer_uuid\":\"cb1da883-d1e7-468a-9634-91fb89d3201f8\",\"received_ids\":1,\"score_data\":{\"card_selected\":[\"E05\",\"E18\",\"E27\",\"E34\",\"E37\",\"E40\",\"E41\"],\"changed\":0,\"correct\":0,\"mse\":10.0328280024438,\"parts_needed\":1,\"score\":{\"final_bonus_factor\":0,\"final_score\":0,\"max_score\":70,\"penalties\":0,\"raw_score\":0}}}','2022-12-08 01:09:02','2022-12-08 01:09:02',3,8,3),(68,'[\"E10\",\"E30\",\"E31\",\"E36\",\"J08\",\"J09\",\"J16\"]','{\"answer_uuid\":\"cb1da883-d1e7-468a-9634-91fb89d3201f10\",\"received_ids\":1,\"score_data\":{\"card_selected\":[\"E10\",\"E30\",\"E31\",\"E36\",\"J08\",\"J09\",\"J16\"],\"changed\":0,\"mse\":8.018514278888638,\"parts_needed\":1,\"score\":{\"final_bonus_factor\":0,\"final_score\":10,\"max_score\":70,\"penalties\":0,\"raw_score\":10}}}','2022-12-08 01:09:41','2022-12-08 01:09:41',3,10,3),(69,'[\"E01\",\"E01\",\"E02\",\"E02\",\"E03\",\"E18\",\"E28\"]','{\"answer_uuid\":\"cb1da883-d1e7-468a-9634-91fb89d3201f9\",\"received_ids\":4,\"score_data\":{\"card_selected\":[\"E01\",\"E01\",\"E02\",\"E02\",\"E03\",\"E18\",\"E28\"],\"changed\":0,\"correct\":0,\"mse\":9.73871196056158,\"parts_needed\":4,\"score\":{\"final_bonus_factor\":0,\"final_score\":0,\"max_score\":70,\"penalties\":0,\"raw_score\":0}}}','2022-12-08 01:10:02','2022-12-08 01:10:02',3,9,3),(70,'[\"E01\",\"E02\",\"E12\",\"E15\",\"J03\",\"J24\",\"J31\"]','{\"answer_uuid\":\"cb1da883-d1e7-468a-9634-91fb89d3201f1\",\"received_ids\":2,\"score_data\":{\"card_selected\":[\"E01\",\"E02\",\"E12\",\"E15\",\"J03\",\"J24\",\"J31\"],\"changed\":0,\"correct\":0,\"mse\":8.751995281131556,\"parts_needed\":2,\"score\":{\"final_bonus_factor\":0,\"final_score\":0,\"max_score\":70,\"penalties\":0,\"raw_score\":0}}}','2022-12-08 01:10:20','2022-12-08 01:10:20',3,1,3),(73,'[\"J09\",\"J10\",\"J11\",\"J12\",\"J13\",\"J14\",\"J15\",\"J16\"]','{\"answer_uuid\":\"3831e73c-a5f5-4cb6-846f-874d80e7b25821\",\"received_ids\":1,\"score_data\":{\"card_selected\":[\"J09\",\"J10\",\"J11\",\"J12\",\"J13\",\"J14\",\"J15\",\"J16\"],\"changed\":0,\"mse\":6.45887703021557,\"parts_needed\":1,\"score\":{\"final_bonus_factor\":0,\"final_score\":20,\"max_score\":80,\"penalties\":0,\"raw_score\":20}}}','2022-12-08 01:12:38','2022-12-08 01:12:38',4,21,4),(74,'[\"J14\",\"J20\",\"J25\",\"J37\",\"J38\",\"J40\",\"J42\",\"J44\"]','{\"answer_uuid\":\"3831e73c-a5f5-4cb6-846f-874d80e7b25822\",\"received_ids\":1,\"score_data\":{\"card_selected\":[\"J14\",\"J20\",\"J25\",\"J37\",\"J38\",\"J40\",\"J42\",\"J44\"],\"changed\":3,\"mse\":7.434873198913085,\"parts_needed\":1,\"score\":{\"final_bonus_factor\":0,\"final_score\":10,\"max_score\":80,\"penalties\":0,\"raw_score\":10}}}','2022-12-08 01:12:39','2022-12-08 01:13:08',4,22,4),(81,'[\"E04\",\"E20\",\"E29\",\"E31\",\"E32\",\"E34\",\"E35\",\"E36\"]','{\"answer_uuid\":\"3831e73c-a5f5-4cb6-846f-874d80e7b2588\",\"received_ids\":1,\"score_data\":{\"card_selected\":[\"E04\",\"E20\",\"E29\",\"E31\",\"E32\",\"E34\",\"E35\",\"E36\"],\"changed\":1,\"correct\":0,\"mse\":11.595407396981605,\"parts_needed\":1,\"score\":{\"final_bonus_factor\":0,\"final_score\":0,\"max_score\":80,\"penalties\":0,\"raw_score\":0}}}','2022-12-08 01:13:24','2022-12-08 01:14:24',4,8,4),(82,'[\"E02\",\"E06\",\"E07\",\"E33\",\"E41\",\"J39\",\"J40\",\"J44\"]','{\"answer_uuid\":\"3831e73c-a5f5-4cb6-846f-874d80e7b25810\",\"received_ids\":1,\"score_data\":{\"card_selected\":[\"E02\",\"E06\",\"E07\",\"E33\",\"E41\",\"J39\",\"J40\",\"J44\"],\"changed\":7,\"mse\":8.14185144498244,\"parts_needed\":1,\"score\":{\"final_bonus_factor\":0,\"final_score\":9,\"max_score\":80,\"penalties\":1,\"raw_score\":10}}}','2022-12-08 01:13:29','2022-12-08 01:14:10',4,10,4),(84,'[\"E01\",\"E02\",\"E03\",\"E08\",\"E13\",\"E22\",\"E26\",\"E26\"]','{\"answer_uuid\":\"3831e73c-a5f5-4cb6-846f-874d80e7b2589\",\"received_ids\":4,\"score_data\":{\"card_selected\":[\"E01\",\"E02\",\"E03\",\"E08\",\"E13\",\"E22\",\"E26\",\"E26\"],\"changed\":0,\"correct\":0,\"mse\":11.087136843590814,\"parts_needed\":4,\"score\":{\"final_bonus_factor\":0,\"final_score\":0,\"max_score\":80,\"penalties\":0,\"raw_score\":0}}}','2022-12-08 01:13:32','2022-12-08 01:13:32',4,9,4),(87,'[\"E01\",\"E05\",\"E18\",\"E27\",\"E44\",\"J12\",\"J30\",\"J39\"]','{\"answer_uuid\":\"3831e73c-a5f5-4cb6-846f-874d80e7b2581\",\"received_ids\":2,\"score_data\":{\"card_selected\":[\"E01\",\"E05\",\"E18\",\"E27\",\"E44\",\"J12\",\"J30\",\"J39\"],\"changed\":0,\"mse\":8.54590520397125,\"parts_needed\":2,\"score\":{\"final_bonus_factor\":0,\"final_score\":20,\"max_score\":80,\"penalties\":0,\"raw_score\":20}}}','2022-12-08 01:14:15','2022-12-08 01:14:15',4,1,4),(89,'[\"E16\",\"E23\",\"E26\",\"J06\",\"J10\",\"J11\",\"J14\",\"J23\",\"J42\",\"J44\"]','{\"answer_uuid\":\"00145b14-1869-46ac-98e8-bc184b42102a22\",\"received_ids\":1,\"score_data\":{\"card_selected\":[\"E16\",\"E23\",\"E26\",\"J06\",\"J10\",\"J11\",\"J14\",\"J23\",\"J42\",\"J44\"],\"changed\":0,\"mse\":8.177932255237561,\"parts_needed\":1,\"score\":{\"final_bonus_factor\":0,\"final_score\":10,\"max_score\":100,\"penalties\":0,\"raw_score\":10}}}','2022-12-08 01:17:39','2022-12-08 01:17:39',5,22,5),(90,'[\"E01\",\"E13\",\"E22\",\"E26\",\"E26\",\"J03\",\"J16\",\"J20\",\"J29\",\"J34\"]','{\"answer_uuid\":\"00145b14-1869-46ac-98e8-bc184b42102a9\",\"received_ids\":3,\"score_data\":{\"card_selected\":[\"E01\",\"E13\",\"E22\",\"E26\",\"E26\",\"J03\",\"J16\",\"J20\",\"J29\",\"J34\"],\"changed\":0,\"correct\":0,\"mse\":9.196231919623113,\"parts_needed\":3,\"score\":{\"final_bonus_factor\":0,\"final_score\":0,\"max_score\":100,\"penalties\":0,\"raw_score\":0}}}','2022-12-08 01:17:40','2022-12-08 01:17:40',5,9,5),(92,'[\"E27\",\"E29\",\"E39\",\"E39\",\"J12\",\"J30\",\"J31\",\"J31\",\"J31\",\"J43\"]','{\"answer_uuid\":\"00145b14-1869-46ac-98e8-bc184b42102a10\",\"received_ids\":1,\"score_data\":{\"card_selected\":[\"E27\",\"E29\",\"E39\",\"E39\",\"J12\",\"J30\",\"J31\",\"J31\",\"J31\",\"J43\"],\"changed\":0,\"mse\":8.256206759704575,\"parts_needed\":1,\"score\":{\"final_bonus_factor\":0,\"final_score\":30,\"max_score\":100,\"penalties\":0,\"raw_score\":30}}}','2022-12-08 01:17:52','2022-12-08 01:17:52',5,10,5),(95,'[\"J11\",\"J12\",\"J13\",\"J14\",\"J15\",\"J16\",\"J17\",\"J18\",\"J19\",\"J20\"]','{\"answer_uuid\":\"00145b14-1869-46ac-98e8-bc184b42102a21\",\"received_ids\":2,\"score_data\":{\"card_selected\":[\"J11\",\"J12\",\"J13\",\"J14\",\"J15\",\"J16\",\"J17\",\"J18\",\"J19\",\"J20\"],\"changed\":0,\"mse\":7.774788634730642,\"parts_needed\":2,\"score\":{\"final_bonus_factor\":0,\"final_score\":10,\"max_score\":100,\"penalties\":0,\"raw_score\":10}}}','2022-12-08 01:18:04','2022-12-08 01:18:04',5,21,5),(103,'[\"E01\",\"E10\",\"E12\",\"E14\",\"E18\",\"E20\",\"E28\",\"E33\",\"E38\",\"E43\"]','{\"answer_uuid\":\"00145b14-1869-46ac-98e8-bc184b42102a8\",\"received_ids\":1,\"score_data\":{\"card_selected\":[\"E01\",\"E10\",\"E12\",\"E14\",\"E18\",\"E20\",\"E28\",\"E33\",\"E38\",\"E43\"],\"changed\":1,\"correct\":0,\"mse\":10.073701842604732,\"parts_needed\":1,\"score\":{\"final_bonus_factor\":0,\"final_score\":0,\"max_score\":100,\"penalties\":0,\"raw_score\":0}}}','2022-12-08 01:19:27','2022-12-08 01:19:43',5,8,5),(104,'[\"E02\",\"E04\",\"E17\",\"E40\",\"J14\",\"J20\",\"J22\"]','{\"answer_uuid\":\"995b441f-b698-4a49-814f-bbadd085928233\",\"received_ids\":1,\"score_data\":{\"card_selected\":[\"E02\",\"E04\",\"E17\",\"E40\",\"J14\",\"J20\",\"J22\"],\"changed\":0,\"mse\":3.365064877825572,\"parts_needed\":1,\"score\":{\"final_bonus_factor\":0.08,\"final_score\":75.6,\"max_score\":75.6,\"penalties\":0,\"raw_score\":70}}}','2022-12-08 02:12:44','2022-12-08 02:12:44',6,33,6),(105,'[\"E04\",\"E17\",\"E40\",\"J14\",\"J20\",\"J22\",\"J42\"]','{\"answer_uuid\":\"995b441f-b698-4a49-814f-bbadd085928238\",\"received_ids\":1,\"score_data\":{\"card_selected\":[\"E04\",\"E17\",\"E40\",\"J14\",\"J20\",\"J22\",\"J42\"],\"changed\":0,\"mse\":4.153764708384963,\"parts_needed\":1,\"score\":{\"final_bonus_factor\":0.08,\"final_score\":64.8,\"max_score\":75.6,\"penalties\":0,\"raw_score\":60}}}','2022-12-08 02:12:52','2022-12-08 02:12:52',6,38,6),(106,'[\"E02\",\"E04\",\"E38\",\"E40\",\"J14\",\"J20\",\"J22\"]','{\"answer_uuid\":\"995b441f-b698-4a49-814f-bbadd085928228\",\"received_ids\":1,\"score_data\":{\"card_selected\":[\"E02\",\"E04\",\"E38\",\"E40\",\"J14\",\"J20\",\"J22\"],\"changed\":0,\"mse\":4.5149630202006685,\"parts_needed\":1,\"score\":{\"final_bonus_factor\":0.08,\"final_score\":64.8,\"max_score\":75.6,\"penalties\":0,\"raw_score\":60}}}','2022-12-08 02:12:58','2022-12-08 02:12:58',6,28,6),(107,'[\"E02\",\"E04\",\"E17\",\"E40\",\"J14\",\"J20\",\"J22\"]','{\"answer_uuid\":\"995b441f-b698-4a49-814f-bbadd085928234\",\"received_ids\":1,\"score_data\":{\"card_selected\":[\"E02\",\"E04\",\"E17\",\"E40\",\"J14\",\"J20\",\"J22\"],\"changed\":0,\"mse\":3.365064877825572,\"parts_needed\":1,\"score\":{\"final_bonus_factor\":0.08,\"final_score\":75.6,\"max_score\":75.6,\"penalties\":0,\"raw_score\":70}}}','2022-12-08 02:13:04','2022-12-08 02:13:04',6,34,6),(108,'[\"E02\",\"E04\",\"E17\",\"E40\",\"J14\",\"J20\",\"J22\"]','{\"answer_uuid\":\"995b441f-b698-4a49-814f-bbadd085928235\",\"received_ids\":1,\"score_data\":{\"card_selected\":[\"E02\",\"E04\",\"E17\",\"E40\",\"J14\",\"J20\",\"J22\"],\"changed\":0,\"mse\":3.365064877825572,\"parts_needed\":1,\"score\":{\"final_bonus_factor\":0.08,\"final_score\":75.6,\"max_score\":75.6,\"penalties\":0,\"raw_score\":70}}}','2022-12-08 02:13:09','2022-12-08 02:13:09',6,35,6),(109,'[\"E02\",\"E04\",\"E17\",\"E40\",\"J14\",\"J20\",\"J22\"]','{\"answer_uuid\":\"995b441f-b698-4a49-814f-bbadd085928236\",\"received_ids\":2,\"score_data\":{\"card_selected\":[\"E02\",\"E04\",\"E17\",\"E40\",\"J14\",\"J20\",\"J22\"],\"changed\":0,\"mse\":3.365064877825572,\"parts_needed\":2,\"score\":{\"final_bonus_factor\":0.06,\"final_score\":74.2,\"max_score\":75.6,\"penalties\":0,\"raw_score\":70}}}','2022-12-08 02:13:10','2022-12-08 02:13:10',6,36,6),(110,'[\"E02\",\"E04\",\"E17\",\"E40\",\"J14\",\"J20\",\"J22\"]','{\"answer_uuid\":\"995b441f-b698-4a49-814f-bbadd085928227\",\"received_ids\":1,\"score_data\":{\"card_selected\":[\"E02\",\"E04\",\"E17\",\"E40\",\"J14\",\"J20\",\"J22\"],\"changed\":0,\"mse\":3.365064877825572,\"parts_needed\":1,\"score\":{\"final_bonus_factor\":0.08,\"final_score\":75.6,\"max_score\":75.6,\"penalties\":0,\"raw_score\":70}}}','2022-12-08 02:13:16','2022-12-08 02:13:16',6,27,6),(111,'[\"E02\",\"E04\",\"E17\",\"E40\",\"J08\",\"J10\",\"J22\"]','{\"answer_uuid\":\"995b441f-b698-4a49-814f-bbadd085928226\",\"received_ids\":5,\"score_data\":{\"card_selected\":[\"E02\",\"E04\",\"E17\",\"E40\",\"J08\",\"J10\",\"J22\"],\"changed\":6,\"mse\":6.262226964319178,\"parts_needed\":5,\"score\":{\"final_bonus_factor\":0,\"final_score\":44,\"max_score\":75.6,\"penalties\":6,\"raw_score\":50}}}','2022-12-08 02:13:27','2022-12-08 02:14:19',6,26,6),(112,'[\"E02\",\"E04\",\"E17\",\"E40\",\"J14\",\"J20\",\"J22\"]','{\"answer_uuid\":\"995b441f-b698-4a49-814f-bbadd085928232\",\"received_ids\":5,\"score_data\":{\"card_selected\":[\"E02\",\"E04\",\"E17\",\"E40\",\"J14\",\"J20\",\"J22\"],\"changed\":0,\"mse\":3.365064877825572,\"parts_needed\":5,\"score\":{\"final_bonus_factor\":0,\"final_score\":70,\"max_score\":75.6,\"penalties\":0,\"raw_score\":70}}}','2022-12-08 02:13:29','2022-12-08 02:13:29',6,32,6),(113,'[\"E02\",\"E04\",\"E38\",\"E40\",\"J14\",\"J20\",\"J22\"]','{\"answer_uuid\":\"995b441f-b698-4a49-814f-bbadd085928231\",\"received_ids\":1,\"score_data\":{\"card_selected\":[\"E02\",\"E04\",\"E38\",\"E40\",\"J14\",\"J20\",\"J22\"],\"changed\":0,\"mse\":4.5149630202006685,\"parts_needed\":1,\"score\":{\"final_bonus_factor\":0.08,\"final_score\":64.8,\"max_score\":75.6,\"penalties\":0,\"raw_score\":60}}}','2022-12-08 02:13:31','2022-12-08 02:13:31',6,31,6),(114,'[\"E02\",\"E04\",\"E17\",\"E40\",\"J14\",\"J20\",\"J22\"]','{\"answer_uuid\":\"995b441f-b698-4a49-814f-bbadd085928239\",\"received_ids\":5,\"score_data\":{\"card_selected\":[\"E02\",\"E04\",\"E17\",\"E40\",\"J14\",\"J20\",\"J22\"],\"changed\":0,\"mse\":3.365064877825572,\"parts_needed\":5,\"score\":{\"final_bonus_factor\":0,\"final_score\":70,\"max_score\":75.6,\"penalties\":0,\"raw_score\":70}}}','2022-12-08 02:14:00','2022-12-08 02:14:00',6,39,6),(115,'[\"E02\",\"E04\",\"E17\",\"E40\",\"J14\",\"J20\",\"J22\"]','{\"answer_uuid\":\"995b441f-b698-4a49-814f-bbadd085928229\",\"received_ids\":2,\"score_data\":{\"card_selected\":[\"E02\",\"E04\",\"E17\",\"E40\",\"J14\",\"J20\",\"J22\"],\"changed\":0,\"mse\":3.365064877825572,\"parts_needed\":2,\"score\":{\"final_bonus_factor\":0.06,\"final_score\":74.2,\"max_score\":75.6,\"penalties\":0,\"raw_score\":70}}}','2022-12-08 02:14:08','2022-12-08 02:14:08',6,29,6),(116,'[\"E14\",\"E16\",\"E38\",\"J03\",\"J19\",\"J35\",\"J37\",\"J40\"]','{\"answer_uuid\":\"759b7567-4c9c-4e10-ad18-55da3309154c29\",\"received_ids\":1,\"score_data\":{\"card_selected\":[\"E14\",\"E16\",\"E38\",\"J03\",\"J19\",\"J35\",\"J37\",\"J40\"],\"changed\":0,\"mse\":1.5702350878259754,\"parts_needed\":1,\"score\":{\"final_bonus_factor\":0.08,\"final_score\":86.4,\"max_score\":86.4,\"penalties\":0,\"raw_score\":80}}}','2022-12-08 02:16:20','2022-12-08 02:16:20',7,29,7),(117,'[\"E14\",\"E16\",\"E38\",\"J03\",\"J19\",\"J35\",\"J37\",\"J40\"]','{\"answer_uuid\":\"759b7567-4c9c-4e10-ad18-55da3309154c33\",\"received_ids\":1,\"score_data\":{\"card_selected\":[\"E14\",\"E16\",\"E38\",\"J03\",\"J19\",\"J35\",\"J37\",\"J40\"],\"changed\":0,\"mse\":1.5702350878259754,\"parts_needed\":1,\"score\":{\"final_bonus_factor\":0.08,\"final_score\":86.4,\"max_score\":86.4,\"penalties\":0,\"raw_score\":80}}}','2022-12-08 02:16:26','2022-12-08 02:16:26',7,33,7),(118,'[\"E14\",\"E16\",\"E38\",\"J03\",\"J19\",\"J35\",\"J37\",\"J40\"]','{\"answer_uuid\":\"759b7567-4c9c-4e10-ad18-55da3309154c28\",\"received_ids\":1,\"score_data\":{\"card_selected\":[\"E14\",\"E16\",\"E38\",\"J03\",\"J19\",\"J35\",\"J37\",\"J40\"],\"changed\":0,\"mse\":1.5702350878259754,\"parts_needed\":1,\"score\":{\"final_bonus_factor\":0.08,\"final_score\":86.4,\"max_score\":86.4,\"penalties\":0,\"raw_score\":80}}}','2022-12-08 02:16:33','2022-12-08 02:16:33',7,28,7),(119,'[\"E14\",\"E16\",\"E38\",\"J03\",\"J19\",\"J35\",\"J37\",\"J40\"]','{\"answer_uuid\":\"759b7567-4c9c-4e10-ad18-55da3309154c35\",\"received_ids\":1,\"score_data\":{\"card_selected\":[\"E14\",\"E16\",\"E38\",\"J03\",\"J19\",\"J35\",\"J37\",\"J40\"],\"changed\":0,\"mse\":1.5702350878259754,\"parts_needed\":1,\"score\":{\"final_bonus_factor\":0.08,\"final_score\":86.4,\"max_score\":86.4,\"penalties\":0,\"raw_score\":80}}}','2022-12-08 02:16:36','2022-12-08 02:16:36',7,35,7),(120,'[\"E14\",\"E16\",\"E38\",\"J03\",\"J19\",\"J35\",\"J37\",\"J40\"]','{\"answer_uuid\":\"759b7567-4c9c-4e10-ad18-55da3309154c34\",\"received_ids\":1,\"score_data\":{\"card_selected\":[\"E14\",\"E16\",\"E38\",\"J03\",\"J19\",\"J35\",\"J37\",\"J40\"],\"changed\":0,\"mse\":1.5702350878259754,\"parts_needed\":1,\"score\":{\"final_bonus_factor\":0.08,\"final_score\":86.4,\"max_score\":86.4,\"penalties\":0,\"raw_score\":80}}}','2022-12-08 02:16:39','2022-12-08 02:16:39',7,34,7),(121,'[\"E14\",\"E16\",\"E38\",\"J03\",\"J19\",\"J24\",\"J35\",\"J40\"]','{\"answer_uuid\":\"759b7567-4c9c-4e10-ad18-55da3309154c38\",\"received_ids\":2,\"score_data\":{\"card_selected\":[\"E14\",\"E16\",\"E38\",\"J03\",\"J19\",\"J24\",\"J35\",\"J40\"],\"changed\":0,\"mse\":2.2856854195677285,\"parts_needed\":2,\"score\":{\"final_bonus_factor\":0.06,\"final_score\":74.2,\"max_score\":86.4,\"penalties\":0,\"raw_score\":70}}}','2022-12-08 02:16:45','2022-12-08 02:16:45',7,38,7),(122,'[\"E14\",\"E16\",\"E38\",\"J19\",\"J34\",\"J35\",\"J37\",\"J40\"]','{\"answer_uuid\":\"759b7567-4c9c-4e10-ad18-55da3309154c26\",\"received_ids\":3,\"score_data\":{\"card_selected\":[\"E14\",\"E16\",\"E38\",\"J19\",\"J34\",\"J35\",\"J37\",\"J40\"],\"changed\":1,\"mse\":2.5897402538846146,\"parts_needed\":3,\"score\":{\"final_bonus_factor\":0.04,\"final_score\":71.76,\"max_score\":86.4,\"penalties\":1,\"raw_score\":70}}}','2022-12-08 02:16:49','2022-12-08 02:17:22',7,26,7),(123,'[\"E14\",\"E16\",\"E38\",\"J03\",\"J19\",\"J35\",\"J37\",\"J40\"]','{\"answer_uuid\":\"759b7567-4c9c-4e10-ad18-55da3309154c27\",\"received_ids\":1,\"score_data\":{\"card_selected\":[\"E14\",\"E16\",\"E38\",\"J03\",\"J19\",\"J35\",\"J37\",\"J40\"],\"changed\":0,\"mse\":1.5702350878259754,\"parts_needed\":1,\"score\":{\"final_bonus_factor\":0.08,\"final_score\":86.4,\"max_score\":86.4,\"penalties\":0,\"raw_score\":80}}}','2022-12-08 02:17:05','2022-12-08 02:17:05',7,27,7),(124,'[\"E14\",\"E16\",\"E38\",\"J03\",\"J19\",\"J35\",\"J37\",\"J40\"]','{\"answer_uuid\":\"759b7567-4c9c-4e10-ad18-55da3309154c32\",\"received_ids\":4,\"score_data\":{\"card_selected\":[\"E14\",\"E16\",\"E38\",\"J03\",\"J19\",\"J35\",\"J37\",\"J40\"],\"changed\":2,\"mse\":1.5702350878259754,\"parts_needed\":4,\"score\":{\"final_bonus_factor\":0.02,\"final_score\":79.56,\"max_score\":86.4,\"penalties\":2,\"raw_score\":80}}}','2022-12-08 02:17:11','2022-12-08 02:17:34',7,32,7),(125,'[\"E14\",\"E16\",\"E38\",\"J03\",\"J19\",\"J35\",\"J37\",\"J40\"]','{\"answer_uuid\":\"759b7567-4c9c-4e10-ad18-55da3309154c36\",\"received_ids\":3,\"score_data\":{\"card_selected\":[\"E14\",\"E16\",\"E38\",\"J03\",\"J19\",\"J35\",\"J37\",\"J40\"],\"changed\":0,\"mse\":1.5702350878259754,\"parts_needed\":3,\"score\":{\"final_bonus_factor\":0.04,\"final_score\":83.2,\"max_score\":86.4,\"penalties\":0,\"raw_score\":80}}}','2022-12-08 02:17:23','2022-12-08 02:17:23',7,36,7),(126,'[\"E14\",\"E16\",\"E38\",\"J03\",\"J19\",\"J35\",\"J37\",\"J40\"]','{\"answer_uuid\":\"759b7567-4c9c-4e10-ad18-55da3309154c39\",\"received_ids\":4,\"score_data\":{\"card_selected\":[\"E14\",\"E16\",\"E38\",\"J03\",\"J19\",\"J35\",\"J37\",\"J40\"],\"changed\":0,\"mse\":1.5702350878259754,\"parts_needed\":4,\"score\":{\"final_bonus_factor\":0.02,\"final_score\":81.6,\"max_score\":86.4,\"penalties\":0,\"raw_score\":80}}}','2022-12-08 02:17:27','2022-12-08 02:17:27',7,39,7),(127,'[\"E14\",\"E16\",\"E38\",\"J03\",\"J19\",\"J35\",\"J37\",\"J40\"]','{\"answer_uuid\":\"759b7567-4c9c-4e10-ad18-55da3309154c31\",\"received_ids\":1,\"score_data\":{\"card_selected\":[\"E14\",\"E16\",\"E38\",\"J03\",\"J19\",\"J35\",\"J37\",\"J40\"],\"changed\":0,\"mse\":1.5702350878259754,\"parts_needed\":1,\"score\":{\"final_bonus_factor\":0.08,\"final_score\":86.4,\"max_score\":86.4,\"penalties\":0,\"raw_score\":80}}}','2022-12-08 02:17:35','2022-12-08 02:17:35',7,31,7),(128,'[\"E17\",\"E41\",\"J02\",\"J09\",\"J12\",\"J13\",\"J22\",\"J25\",\"J28\",\"J33\"]','{\"answer_uuid\":\"75739c23-5ca3-45f8-b758-9c08d9fc463d29\",\"received_ids\":1,\"score_data\":{\"card_selected\":[\"E17\",\"E41\",\"J02\",\"J09\",\"J12\",\"J13\",\"J22\",\"J25\",\"J28\",\"J33\"],\"changed\":0,\"mse\":1.5773592901811535,\"parts_needed\":1,\"score\":{\"final_bonus_factor\":0.08,\"final_score\":107.5,\"max_score\":107.5,\"penalties\":0,\"raw_score\":100}}}','2022-12-08 02:20:20','2022-12-08 02:20:20',8,29,8),(129,'[\"E17\",\"E41\",\"J02\",\"J09\",\"J12\",\"J13\",\"J22\",\"J25\",\"J28\",\"J33\"]','{\"answer_uuid\":\"75739c23-5ca3-45f8-b758-9c08d9fc463d33\",\"received_ids\":2,\"score_data\":{\"card_selected\":[\"E17\",\"E41\",\"J02\",\"J09\",\"J12\",\"J13\",\"J22\",\"J25\",\"J28\",\"J33\"],\"changed\":1,\"mse\":1.5773592901811535,\"parts_needed\":2,\"score\":{\"final_bonus_factor\":0.05,\"final_score\":103.95,\"max_score\":107.5,\"penalties\":1,\"raw_score\":100}}}','2022-12-08 02:20:21','2022-12-08 02:20:57',8,33,8),(130,'[\"E17\",\"E41\",\"J02\",\"J09\",\"J12\",\"J13\",\"J22\",\"J25\",\"J28\",\"J33\"]','{\"answer_uuid\":\"75739c23-5ca3-45f8-b758-9c08d9fc463d27\",\"received_ids\":1,\"score_data\":{\"card_selected\":[\"E17\",\"E41\",\"J02\",\"J09\",\"J12\",\"J13\",\"J22\",\"J25\",\"J28\",\"J33\"],\"changed\":0,\"mse\":1.5773592901811535,\"parts_needed\":1,\"score\":{\"final_bonus_factor\":0.08,\"final_score\":107.5,\"max_score\":107.5,\"penalties\":0,\"raw_score\":100}}}','2022-12-08 02:20:22','2022-12-08 02:20:22',8,27,8),(131,'[\"E17\",\"E41\",\"J02\",\"J09\",\"J12\",\"J13\",\"J22\",\"J25\",\"J28\",\"J39\"]','{\"answer_uuid\":\"75739c23-5ca3-45f8-b758-9c08d9fc463d28\",\"received_ids\":1,\"score_data\":{\"card_selected\":[\"E17\",\"E41\",\"J02\",\"J09\",\"J12\",\"J13\",\"J22\",\"J25\",\"J28\",\"J39\"],\"changed\":0,\"mse\":2.608589015694149,\"parts_needed\":1,\"score\":{\"final_bonus_factor\":0.08,\"final_score\":96.75,\"max_score\":107.5,\"penalties\":0,\"raw_score\":90}}}','2022-12-08 02:20:26','2022-12-08 02:20:26',8,28,8),(132,'[\"E17\",\"E41\",\"J02\",\"J09\",\"J12\",\"J13\",\"J22\",\"J25\",\"J28\",\"J33\"]','{\"answer_uuid\":\"75739c23-5ca3-45f8-b758-9c08d9fc463d36\",\"received_ids\":1,\"score_data\":{\"card_selected\":[\"E17\",\"E41\",\"J02\",\"J09\",\"J12\",\"J13\",\"J22\",\"J25\",\"J28\",\"J33\"],\"changed\":0,\"mse\":1.5773592901811535,\"parts_needed\":1,\"score\":{\"final_bonus_factor\":0.08,\"final_score\":107.5,\"max_score\":107.5,\"penalties\":0,\"raw_score\":100}}}','2022-12-08 02:20:34','2022-12-08 02:20:34',8,36,8),(133,'[\"E17\",\"E41\",\"J02\",\"J09\",\"J12\",\"J13\",\"J22\",\"J25\",\"J28\",\"J33\"]','{\"answer_uuid\":\"75739c23-5ca3-45f8-b758-9c08d9fc463d35\",\"received_ids\":1,\"score_data\":{\"card_selected\":[\"E17\",\"E41\",\"J02\",\"J09\",\"J12\",\"J13\",\"J22\",\"J25\",\"J28\",\"J33\"],\"changed\":0,\"mse\":1.5773592901811535,\"parts_needed\":1,\"score\":{\"final_bonus_factor\":0.08,\"final_score\":107.5,\"max_score\":107.5,\"penalties\":0,\"raw_score\":100}}}','2022-12-08 02:20:38','2022-12-08 02:20:38',8,35,8),(134,'[\"E17\",\"E41\",\"J02\",\"J09\",\"J13\",\"J22\",\"J25\",\"J28\",\"J30\",\"J33\"]','{\"answer_uuid\":\"75739c23-5ca3-45f8-b758-9c08d9fc463d39\",\"received_ids\":3,\"score_data\":{\"card_selected\":[\"E17\",\"E41\",\"J02\",\"J09\",\"J13\",\"J22\",\"J25\",\"J28\",\"J30\",\"J33\"],\"changed\":0,\"mse\":2.490134968679849,\"parts_needed\":3,\"score\":{\"final_bonus_factor\":0.03,\"final_score\":92.25,\"max_score\":107.5,\"penalties\":0,\"raw_score\":90}}}','2022-12-08 02:20:44','2022-12-08 02:20:44',8,39,8),(135,'[\"J09\",\"J12\",\"J13\",\"J18\",\"J22\",\"J25\",\"J26\",\"J28\",\"J33\",\"J36\"]','{\"answer_uuid\":\"75739c23-5ca3-45f8-b758-9c08d9fc463d26\",\"received_ids\":2,\"score_data\":{\"card_selected\":[\"J09\",\"J12\",\"J13\",\"J18\",\"J22\",\"J25\",\"J26\",\"J28\",\"J33\",\"J36\"],\"changed\":2,\"mse\":3.151613803962642,\"parts_needed\":2,\"score\":{\"final_bonus_factor\":0.05,\"final_score\":71.4,\"max_score\":107.5,\"penalties\":2,\"raw_score\":70}}}','2022-12-08 02:20:45','2022-12-08 02:21:22',8,26,8),(136,'[\"E17\",\"E41\",\"J02\",\"J09\",\"J12\",\"J13\",\"J22\",\"J25\",\"J28\",\"J39\"]','{\"answer_uuid\":\"75739c23-5ca3-45f8-b758-9c08d9fc463d31\",\"received_ids\":1,\"score_data\":{\"card_selected\":[\"E17\",\"E41\",\"J02\",\"J09\",\"J12\",\"J13\",\"J22\",\"J25\",\"J28\",\"J39\"],\"changed\":0,\"mse\":2.608589015694149,\"parts_needed\":1,\"score\":{\"final_bonus_factor\":0.08,\"final_score\":96.75,\"max_score\":107.5,\"penalties\":0,\"raw_score\":90}}}','2022-12-08 02:20:49','2022-12-08 02:20:49',8,31,8),(137,'[\"E17\",\"E41\",\"J02\",\"J09\",\"J12\",\"J13\",\"J22\",\"J25\",\"J28\",\"J33\"]','{\"answer_uuid\":\"75739c23-5ca3-45f8-b758-9c08d9fc463d32\",\"received_ids\":4,\"score_data\":{\"card_selected\":[\"E17\",\"E41\",\"J02\",\"J09\",\"J12\",\"J13\",\"J22\",\"J25\",\"J28\",\"J33\"],\"changed\":4,\"mse\":1.5773592901811535,\"parts_needed\":4,\"score\":{\"final_bonus_factor\":0,\"final_score\":96,\"max_score\":107.5,\"penalties\":4,\"raw_score\":100}}}','2022-12-08 02:20:55','2022-12-08 02:22:09',8,32,8),(138,'[\"E17\",\"E41\",\"J02\",\"J09\",\"J13\",\"J22\",\"J25\",\"J26\",\"J28\",\"J33\"]','{\"answer_uuid\":\"75739c23-5ca3-45f8-b758-9c08d9fc463d38\",\"received_ids\":3,\"score_data\":{\"card_selected\":[\"E17\",\"E41\",\"J02\",\"J09\",\"J13\",\"J22\",\"J25\",\"J26\",\"J28\",\"J33\"],\"changed\":0,\"mse\":2.191739244503263,\"parts_needed\":3,\"score\":{\"final_bonus_factor\":0.03,\"final_score\":92.25,\"max_score\":107.5,\"penalties\":0,\"raw_score\":90}}}','2022-12-08 02:21:27','2022-12-08 02:21:27',8,38,8),(139,'[\"E17\",\"E41\",\"J02\",\"J09\",\"J12\",\"J13\",\"J22\",\"J25\",\"J28\",\"J33\"]','{\"answer_uuid\":\"75739c23-5ca3-45f8-b758-9c08d9fc463d34\",\"received_ids\":1,\"score_data\":{\"card_selected\":[\"E17\",\"E41\",\"J02\",\"J09\",\"J12\",\"J13\",\"J22\",\"J25\",\"J28\",\"J33\"],\"changed\":0,\"mse\":1.5773592901811535,\"parts_needed\":1,\"score\":{\"final_bonus_factor\":0.08,\"final_score\":107.5,\"max_score\":107.5,\"penalties\":0,\"raw_score\":100}}}','2022-12-08 02:22:21','2022-12-08 02:22:21',8,34,8),(140,'[\"E10\",\"E18\",\"E21\",\"E23\",\"E27\",\"E37\",\"J04\",\"J13\",\"J18\",\"J19\",\"J27\",\"J29\"]','{\"answer_uuid\":\"b3295267-b8f4-406a-acfe-c86c42c6231929\",\"received_ids\":1,\"score_data\":{\"card_selected\":[\"E10\",\"E18\",\"E21\",\"E23\",\"E27\",\"E37\",\"J04\",\"J13\",\"J18\",\"J19\",\"J27\",\"J29\"],\"changed\":0,\"mse\":2.571490869874119,\"parts_needed\":1,\"score\":{\"final_bonus_factor\":0.08,\"final_score\":129,\"max_score\":129,\"penalties\":0,\"raw_score\":120}}}','2022-12-08 02:24:17','2022-12-08 02:24:17',9,29,9),(141,'[\"E03\",\"E10\",\"E27\",\"E33\",\"E37\",\"J04\",\"J13\",\"J18\",\"J19\",\"J20\",\"J27\",\"J29\"]','{\"answer_uuid\":\"b3295267-b8f4-406a-acfe-c86c42c6231928\",\"received_ids\":2,\"score_data\":{\"card_selected\":[\"E03\",\"E10\",\"E27\",\"E33\",\"E37\",\"J04\",\"J13\",\"J18\",\"J19\",\"J20\",\"J27\",\"J29\"],\"changed\":4,\"mse\":3.987834730140745,\"parts_needed\":2,\"score\":{\"final_bonus_factor\":0.05,\"final_score\":90.3,\"max_score\":129,\"penalties\":4,\"raw_score\":90}}}','2022-12-08 02:24:32','2022-12-08 02:26:23',9,28,9),(142,'[\"E10\",\"E18\",\"E21\",\"E23\",\"E27\",\"E37\",\"J04\",\"J13\",\"J18\",\"J19\",\"J27\",\"J29\"]','{\"answer_uuid\":\"b3295267-b8f4-406a-acfe-c86c42c6231927\",\"received_ids\":1,\"score_data\":{\"card_selected\":[\"E10\",\"E18\",\"E21\",\"E23\",\"E27\",\"E37\",\"J04\",\"J13\",\"J18\",\"J19\",\"J27\",\"J29\"],\"changed\":0,\"mse\":2.571490869874119,\"parts_needed\":1,\"score\":{\"final_bonus_factor\":0.08,\"final_score\":129,\"max_score\":129,\"penalties\":0,\"raw_score\":120}}}','2022-12-08 02:24:39','2022-12-08 02:24:39',9,27,9),(143,'[\"E10\",\"E21\",\"E23\",\"E27\",\"E37\",\"J04\",\"J13\",\"J18\",\"J19\",\"J27\",\"J28\",\"J29\"]','{\"answer_uuid\":\"b3295267-b8f4-406a-acfe-c86c42c6231926\",\"received_ids\":1,\"score_data\":{\"card_selected\":[\"E10\",\"E21\",\"E23\",\"E27\",\"E37\",\"J04\",\"J13\",\"J18\",\"J19\",\"J27\",\"J28\",\"J29\"],\"changed\":4,\"mse\":3.36146829398689,\"parts_needed\":1,\"score\":{\"final_bonus_factor\":0.08,\"final_score\":113.95,\"max_score\":129,\"penalties\":4,\"raw_score\":110}}}','2022-12-08 02:24:42','2022-12-08 02:26:19',9,26,9),(144,'[\"E10\",\"E18\",\"E21\",\"E23\",\"E27\",\"J04\",\"J13\",\"J18\",\"J19\",\"J27\",\"J29\",\"J40\"]','{\"answer_uuid\":\"b3295267-b8f4-406a-acfe-c86c42c6231931\",\"received_ids\":1,\"score_data\":{\"card_selected\":[\"E10\",\"E18\",\"E21\",\"E23\",\"E27\",\"J04\",\"J13\",\"J18\",\"J19\",\"J27\",\"J29\",\"J40\"],\"changed\":0,\"mse\":3.0251692308036136,\"parts_needed\":1,\"score\":{\"final_bonus_factor\":0.08,\"final_score\":118.25,\"max_score\":129,\"penalties\":0,\"raw_score\":110}}}','2022-12-08 02:24:55','2022-12-08 02:24:55',9,31,9),(145,'[\"E10\",\"E18\",\"E21\",\"E27\",\"E37\",\"J04\",\"J11\",\"J13\",\"J18\",\"J19\",\"J27\",\"J29\"]','{\"answer_uuid\":\"b3295267-b8f4-406a-acfe-c86c42c6231936\",\"received_ids\":3,\"score_data\":{\"card_selected\":[\"E10\",\"E18\",\"E21\",\"E27\",\"E37\",\"J04\",\"J11\",\"J13\",\"J18\",\"J19\",\"J27\",\"J29\"],\"changed\":2,\"mse\":2.7134017195426274,\"parts_needed\":3,\"score\":{\"final_bonus_factor\":0.03,\"final_score\":110.7,\"max_score\":129,\"penalties\":2,\"raw_score\":110}}}','2022-12-08 02:25:08','2022-12-08 02:25:51',9,36,9),(146,'[\"E10\",\"E18\",\"E21\",\"E23\",\"E27\",\"E37\",\"J04\",\"J13\",\"J18\",\"J19\",\"J27\",\"J29\"]','{\"answer_uuid\":\"b3295267-b8f4-406a-acfe-c86c42c6231932\",\"received_ids\":4,\"score_data\":{\"card_selected\":[\"E10\",\"E18\",\"E21\",\"E23\",\"E27\",\"E37\",\"J04\",\"J13\",\"J18\",\"J19\",\"J27\",\"J29\"],\"changed\":0,\"mse\":2.571490869874119,\"parts_needed\":4,\"score\":{\"final_bonus_factor\":0,\"final_score\":120,\"max_score\":129,\"penalties\":0,\"raw_score\":120}}}','2022-12-08 02:25:20','2022-12-08 02:25:20',9,32,9),(147,'[\"E10\",\"E18\",\"E21\",\"E23\",\"E27\",\"E33\",\"E37\",\"J04\",\"J13\",\"J19\",\"J29\",\"J35\"]','{\"answer_uuid\":\"b3295267-b8f4-406a-acfe-c86c42c6231938\",\"received_ids\":3,\"score_data\":{\"card_selected\":[\"E10\",\"E18\",\"E21\",\"E23\",\"E27\",\"E33\",\"E37\",\"J04\",\"J13\",\"J19\",\"J29\",\"J35\"],\"changed\":0,\"mse\":3.9777147992093216,\"parts_needed\":3,\"score\":{\"final_bonus_factor\":0.03,\"final_score\":102.5,\"max_score\":129,\"penalties\":0,\"raw_score\":100}}}','2022-12-08 02:25:29','2022-12-08 02:25:29',9,38,9),(148,'[\"E10\",\"E18\",\"E21\",\"E23\",\"E27\",\"E37\",\"J04\",\"J13\",\"J18\",\"J19\",\"J27\",\"J29\"]','{\"answer_uuid\":\"b3295267-b8f4-406a-acfe-c86c42c6231939\",\"received_ids\":4,\"score_data\":{\"card_selected\":[\"E10\",\"E18\",\"E21\",\"E23\",\"E27\",\"E37\",\"J04\",\"J13\",\"J18\",\"J19\",\"J27\",\"J29\"],\"changed\":0,\"mse\":2.571490869874119,\"parts_needed\":4,\"score\":{\"final_bonus_factor\":0,\"final_score\":120,\"max_score\":129,\"penalties\":0,\"raw_score\":120}}}','2022-12-08 02:25:34','2022-12-08 02:25:34',9,39,9),(149,'[\"E10\",\"E18\",\"E21\",\"E23\",\"E27\",\"E37\",\"J04\",\"J13\",\"J18\",\"J19\",\"J27\",\"J29\"]','{\"answer_uuid\":\"b3295267-b8f4-406a-acfe-c86c42c6231934\",\"received_ids\":1,\"score_data\":{\"card_selected\":[\"E10\",\"E18\",\"E21\",\"E23\",\"E27\",\"E37\",\"J04\",\"J13\",\"J18\",\"J19\",\"J27\",\"J29\"],\"changed\":0,\"mse\":2.571490869874119,\"parts_needed\":1,\"score\":{\"final_bonus_factor\":0.08,\"final_score\":129,\"max_score\":129,\"penalties\":0,\"raw_score\":120}}}','2022-12-08 02:25:36','2022-12-08 02:25:36',9,34,9),(150,'[\"E10\",\"E18\",\"E21\",\"E23\",\"E27\",\"E37\",\"J04\",\"J13\",\"J18\",\"J19\",\"J27\",\"J29\"]','{\"answer_uuid\":\"b3295267-b8f4-406a-acfe-c86c42c6231933\",\"received_ids\":3,\"score_data\":{\"card_selected\":[\"E10\",\"E18\",\"E21\",\"E23\",\"E27\",\"E37\",\"J04\",\"J13\",\"J18\",\"J19\",\"J27\",\"J29\"],\"changed\":0,\"mse\":2.571490869874119,\"parts_needed\":3,\"score\":{\"final_bonus_factor\":0.03,\"final_score\":123,\"max_score\":129,\"penalties\":0,\"raw_score\":120}}}','2022-12-08 02:25:39','2022-12-08 02:25:39',9,33,9),(151,'[\"E10\",\"E21\",\"E23\",\"E37\",\"J04\",\"J05\",\"J13\",\"J18\",\"J19\",\"J24\",\"J28\",\"J43\"]','{\"answer_uuid\":\"b3295267-b8f4-406a-acfe-c86c42c6231935\",\"received_ids\":1,\"score_data\":{\"card_selected\":[\"E10\",\"E21\",\"E23\",\"E37\",\"J04\",\"J05\",\"J13\",\"J18\",\"J19\",\"J24\",\"J28\",\"J43\"],\"changed\":0,\"mse\":5.138698931928175,\"parts_needed\":1,\"score\":{\"final_bonus_factor\":0.08,\"final_score\":86,\"max_score\":129,\"penalties\":0,\"raw_score\":80}}}','2022-12-08 02:26:18','2022-12-08 02:26:18',9,35,9),(152,'[\"E19\",\"E37\",\"E40\",\"E41\",\"J03\",\"J15\",\"J19\",\"J20\",\"J21\",\"J25\",\"J26\",\"J39\",\"J42\",\"J43\",\"J44\"]','{\"answer_uuid\":\"ebdebdf9-96b7-487d-8f1f-cb67da1fcf7b29\",\"received_ids\":1,\"score_data\":{\"card_selected\":[\"E19\",\"E37\",\"E40\",\"E41\",\"J03\",\"J15\",\"J19\",\"J20\",\"J21\",\"J25\",\"J26\",\"J39\",\"J42\",\"J43\",\"J44\"],\"changed\":0,\"mse\":2.5581303718256154,\"parts_needed\":1,\"score\":{\"final_bonus_factor\":0.07,\"final_score\":160,\"max_score\":160,\"penalties\":0,\"raw_score\":150}}}','2022-12-08 02:28:09','2022-12-08 02:28:09',10,29,10),(153,'[\"E19\",\"E37\",\"E40\",\"E41\",\"J03\",\"J13\",\"J15\",\"J19\",\"J20\",\"J21\",\"J25\",\"J39\",\"J42\",\"J43\",\"J44\"]','{\"answer_uuid\":\"ebdebdf9-96b7-487d-8f1f-cb67da1fcf7b33\",\"received_ids\":2,\"score_data\":{\"card_selected\":[\"E19\",\"E37\",\"E40\",\"E41\",\"J03\",\"J13\",\"J15\",\"J19\",\"J20\",\"J21\",\"J25\",\"J39\",\"J42\",\"J43\",\"J44\"],\"changed\":3,\"mse\":2.844918662668199,\"parts_needed\":2,\"score\":{\"final_bonus_factor\":0.03,\"final_score\":141.57,\"max_score\":160,\"penalties\":3,\"raw_score\":140}}}','2022-12-08 02:28:23','2022-12-08 02:29:19',10,33,10),(154,'[\"E19\",\"E37\",\"E40\",\"E41\",\"J03\",\"J15\",\"J19\",\"J20\",\"J21\",\"J26\",\"J27\",\"J35\",\"J39\",\"J42\",\"J43\"]','{\"answer_uuid\":\"ebdebdf9-96b7-487d-8f1f-cb67da1fcf7b28\",\"received_ids\":1,\"score_data\":{\"card_selected\":[\"E19\",\"E37\",\"E40\",\"E41\",\"J03\",\"J15\",\"J19\",\"J20\",\"J21\",\"J26\",\"J27\",\"J35\",\"J39\",\"J42\",\"J43\"],\"changed\":0,\"mse\":4.011089407459596,\"parts_needed\":1,\"score\":{\"final_bonus_factor\":0.07,\"final_score\":138.67,\"max_score\":160,\"penalties\":0,\"raw_score\":130}}}','2022-12-08 02:28:25','2022-12-08 02:28:25',10,28,10),(155,'[\"E19\",\"E35\",\"E40\",\"J03\",\"J08\",\"J15\",\"J18\",\"J19\",\"J20\",\"J21\",\"J32\",\"J36\",\"J42\",\"J43\",\"J44\"]','{\"answer_uuid\":\"ebdebdf9-96b7-487d-8f1f-cb67da1fcf7b26\",\"received_ids\":1,\"score_data\":{\"card_selected\":[\"E19\",\"E35\",\"E40\",\"J03\",\"J08\",\"J15\",\"J18\",\"J19\",\"J20\",\"J21\",\"J32\",\"J36\",\"J42\",\"J43\",\"J44\"],\"changed\":2,\"mse\":5.741216901692322,\"parts_needed\":1,\"score\":{\"final_bonus_factor\":0.07,\"final_score\":104.53,\"max_score\":160,\"penalties\":2,\"raw_score\":100}}}','2022-12-08 02:28:38','2022-12-08 02:29:13',10,26,10),(156,'[\"E19\",\"E37\",\"E40\",\"E41\",\"J03\",\"J15\",\"J19\",\"J20\",\"J21\",\"J25\",\"J26\",\"J39\",\"J42\",\"J43\",\"J44\"]','{\"answer_uuid\":\"ebdebdf9-96b7-487d-8f1f-cb67da1fcf7b39\",\"received_ids\":3,\"score_data\":{\"card_selected\":[\"E19\",\"E37\",\"E40\",\"E41\",\"J03\",\"J15\",\"J19\",\"J20\",\"J21\",\"J25\",\"J26\",\"J39\",\"J42\",\"J43\",\"J44\"],\"changed\":0,\"mse\":2.5581303718256154,\"parts_needed\":3,\"score\":{\"final_bonus_factor\":0,\"final_score\":150,\"max_score\":160,\"penalties\":0,\"raw_score\":150}}}','2022-12-08 02:28:39','2022-12-08 02:28:39',10,39,10),(157,'[\"E19\",\"E37\",\"E40\",\"E41\",\"J03\",\"J15\",\"J19\",\"J20\",\"J21\",\"J25\",\"J26\",\"J39\",\"J42\",\"J43\",\"J44\"]','{\"answer_uuid\":\"ebdebdf9-96b7-487d-8f1f-cb67da1fcf7b27\",\"received_ids\":1,\"score_data\":{\"card_selected\":[\"E19\",\"E37\",\"E40\",\"E41\",\"J03\",\"J15\",\"J19\",\"J20\",\"J21\",\"J25\",\"J26\",\"J39\",\"J42\",\"J43\",\"J44\"],\"changed\":0,\"mse\":2.5581303718256154,\"parts_needed\":1,\"score\":{\"final_bonus_factor\":0.07,\"final_score\":160,\"max_score\":160,\"penalties\":0,\"raw_score\":150}}}','2022-12-08 02:28:43','2022-12-08 02:28:43',10,27,10),(158,'[\"E19\",\"E37\",\"E40\",\"E41\",\"J03\",\"J15\",\"J19\",\"J20\",\"J21\",\"J26\",\"J27\",\"J35\",\"J39\",\"J42\",\"J43\"]','{\"answer_uuid\":\"ebdebdf9-96b7-487d-8f1f-cb67da1fcf7b31\",\"received_ids\":1,\"score_data\":{\"card_selected\":[\"E19\",\"E37\",\"E40\",\"E41\",\"J03\",\"J15\",\"J19\",\"J20\",\"J21\",\"J26\",\"J27\",\"J35\",\"J39\",\"J42\",\"J43\"],\"changed\":0,\"mse\":4.011089407459596,\"parts_needed\":1,\"score\":{\"final_bonus_factor\":0.07,\"final_score\":138.67,\"max_score\":160,\"penalties\":0,\"raw_score\":130}}}','2022-12-08 02:28:45','2022-12-08 02:28:45',10,31,10),(159,'[\"E19\",\"E37\",\"E40\",\"E41\",\"J03\",\"J15\",\"J19\",\"J20\",\"J21\",\"J25\",\"J26\",\"J39\",\"J42\",\"J43\",\"J44\"]','{\"answer_uuid\":\"ebdebdf9-96b7-487d-8f1f-cb67da1fcf7b36\",\"received_ids\":2,\"score_data\":{\"card_selected\":[\"E19\",\"E37\",\"E40\",\"E41\",\"J03\",\"J15\",\"J19\",\"J20\",\"J21\",\"J25\",\"J26\",\"J39\",\"J42\",\"J43\",\"J44\"],\"changed\":0,\"mse\":2.5581303718256154,\"parts_needed\":2,\"score\":{\"final_bonus_factor\":0.03,\"final_score\":155,\"max_score\":160,\"penalties\":0,\"raw_score\":150}}}','2022-12-08 02:29:03','2022-12-08 02:29:03',10,36,10),(160,'[\"E19\",\"E37\",\"E40\",\"E41\",\"J03\",\"J15\",\"J19\",\"J20\",\"J21\",\"J25\",\"J26\",\"J39\",\"J42\",\"J43\",\"J44\"]','{\"answer_uuid\":\"ebdebdf9-96b7-487d-8f1f-cb67da1fcf7b32\",\"received_ids\":3,\"score_data\":{\"card_selected\":[\"E19\",\"E37\",\"E40\",\"E41\",\"J03\",\"J15\",\"J19\",\"J20\",\"J21\",\"J25\",\"J26\",\"J39\",\"J42\",\"J43\",\"J44\"],\"changed\":0,\"mse\":2.5581303718256154,\"parts_needed\":3,\"score\":{\"final_bonus_factor\":0,\"final_score\":150,\"max_score\":160,\"penalties\":0,\"raw_score\":150}}}','2022-12-08 02:29:07','2022-12-08 02:29:07',10,32,10),(161,'[\"E06\",\"E19\",\"E37\",\"E40\",\"E41\",\"J03\",\"J15\",\"J20\",\"J21\",\"J25\",\"J26\",\"J39\",\"J42\",\"J43\",\"J44\"]','{\"answer_uuid\":\"ebdebdf9-96b7-487d-8f1f-cb67da1fcf7b35\",\"received_ids\":1,\"score_data\":{\"card_selected\":[\"E06\",\"E19\",\"E37\",\"E40\",\"E41\",\"J03\",\"J15\",\"J20\",\"J21\",\"J25\",\"J26\",\"J39\",\"J42\",\"J43\",\"J44\"],\"changed\":1,\"mse\":3.518555894117955,\"parts_needed\":1,\"score\":{\"final_bonus_factor\":0.07,\"final_score\":148.27,\"max_score\":160,\"penalties\":1,\"raw_score\":140}}}','2022-12-08 02:29:08','2022-12-08 02:30:02',10,35,10),(162,'[\"E19\",\"E27\",\"E37\",\"E40\",\"E41\",\"J03\",\"J04\",\"J20\",\"J21\",\"J25\",\"J26\",\"J39\",\"J42\",\"J43\",\"J44\"]','{\"answer_uuid\":\"ebdebdf9-96b7-487d-8f1f-cb67da1fcf7b38\",\"received_ids\":3,\"score_data\":{\"card_selected\":[\"E19\",\"E27\",\"E37\",\"E40\",\"E41\",\"J03\",\"J04\",\"J20\",\"J21\",\"J25\",\"J26\",\"J39\",\"J42\",\"J43\",\"J44\"],\"changed\":1,\"mse\":4.053542720998409,\"parts_needed\":3,\"score\":{\"final_bonus_factor\":0,\"final_score\":129,\"max_score\":160,\"penalties\":1,\"raw_score\":130}}}','2022-12-08 02:29:41','2022-12-08 02:30:41',10,38,10),(163,'[\"E19\",\"E37\",\"E40\",\"E41\",\"J03\",\"J15\",\"J19\",\"J20\",\"J21\",\"J25\",\"J26\",\"J39\",\"J42\",\"J43\",\"J44\"]','{\"answer_uuid\":\"ebdebdf9-96b7-487d-8f1f-cb67da1fcf7b34\",\"received_ids\":1,\"score_data\":{\"card_selected\":[\"E19\",\"E37\",\"E40\",\"E41\",\"J03\",\"J15\",\"J19\",\"J20\",\"J21\",\"J25\",\"J26\",\"J39\",\"J42\",\"J43\",\"J44\"],\"changed\":0,\"mse\":2.5581303718256154,\"parts_needed\":1,\"score\":{\"final_bonus_factor\":0.07,\"final_score\":160,\"max_score\":160,\"penalties\":0,\"raw_score\":150}}}','2022-12-08 02:30:23','2022-12-08 02:30:23',10,34,10),(164,'[\"E39\",\"E42\",\"J03\",\"J11\",\"J12\",\"J18\",\"J27\",\"J30\",\"J32\",\"J34\"]','{\"answer_uuid\":\"8e3fd0ad-2669-40e7-8985-30277502859b36\",\"received_ids\":4,\"score_data\":{\"card_selected\":[\"E39\",\"E42\",\"J03\",\"J11\",\"J12\",\"J18\",\"J27\",\"J30\",\"J32\",\"J34\"],\"changed\":0,\"mse\":2.2958507469205274,\"parts_needed\":4,\"score\":{\"final_bonus_factor\":0.08,\"final_score\":86.4,\"max_score\":132,\"penalties\":0,\"raw_score\":80}}}','2022-12-08 02:51:33','2022-12-08 02:51:33',11,36,11),(165,'[\"E09\",\"E26\",\"E39\",\"E42\",\"J12\",\"J18\",\"J27\",\"J30\",\"J32\",\"J34\"]','{\"answer_uuid\":\"8e3fd0ad-2669-40e7-8985-30277502859b27\",\"received_ids\":1,\"score_data\":{\"card_selected\":[\"E09\",\"E26\",\"E39\",\"E42\",\"J12\",\"J18\",\"J27\",\"J30\",\"J32\",\"J34\"],\"changed\":0,\"mse\":2.1400281093841835,\"parts_needed\":1,\"score\":{\"final_bonus_factor\":0.32,\"final_score\":118.8,\"max_score\":132,\"penalties\":0,\"raw_score\":90}}}','2022-12-08 02:52:17','2022-12-08 02:52:17',11,27,11),(166,'[\"E09\",\"E39\",\"E42\",\"J12\",\"J18\",\"J27\",\"J30\",\"J32\",\"J34\",\"J40\"]','{\"answer_uuid\":\"8e3fd0ad-2669-40e7-8985-30277502859b29\",\"received_ids\":1,\"score_data\":{\"card_selected\":[\"E09\",\"E39\",\"E42\",\"J12\",\"J18\",\"J27\",\"J30\",\"J32\",\"J34\",\"J40\"],\"changed\":0,\"mse\":2.1486264380469544,\"parts_needed\":1,\"score\":{\"final_bonus_factor\":0.32,\"final_score\":118.8,\"max_score\":132,\"penalties\":0,\"raw_score\":90}}}','2022-12-08 02:52:59','2022-12-08 02:52:59',11,29,11),(167,'[\"E04\",\"E07\",\"E15\",\"E28\",\"J03\",\"J14\",\"J21\",\"J24\",\"J29\",\"J32\",\"J33\",\"J44\"]','{\"answer_uuid\":\"65f0e0c7-7448-4cf0-b6ce-568a948e1d8336\",\"received_ids\":1,\"score_data\":{\"card_selected\":[\"E04\",\"E07\",\"E15\",\"E28\",\"J03\",\"J14\",\"J21\",\"J24\",\"J29\",\"J32\",\"J33\",\"J44\"],\"changed\":0,\"mse\":3.8063338279463634,\"parts_needed\":1,\"score\":{\"final_bonus_factor\":0.32,\"final_score\":132,\"max_score\":158.4,\"penalties\":0,\"raw_score\":100}}}','2022-12-08 02:54:39','2022-12-08 02:54:39',12,36,12),(168,'[\"E03\",\"E04\",\"E07\",\"E15\",\"E28\",\"E31\",\"J21\",\"J24\",\"J29\",\"J32\",\"J33\",\"J44\"]','{\"answer_uuid\":\"65f0e0c7-7448-4cf0-b6ce-568a948e1d8327\",\"received_ids\":1,\"score_data\":{\"card_selected\":[\"E03\",\"E04\",\"E07\",\"E15\",\"E28\",\"E31\",\"J21\",\"J24\",\"J29\",\"J32\",\"J33\",\"J44\"],\"changed\":0,\"mse\":2.972484513604057,\"parts_needed\":1,\"score\":{\"final_bonus_factor\":0.32,\"final_score\":158.4,\"max_score\":158.4,\"penalties\":0,\"raw_score\":120}}}','2022-12-08 02:54:39','2022-12-08 02:54:39',12,27,12),(169,'[\"E03\",\"E04\",\"E07\",\"E15\",\"E28\",\"E31\",\"J21\",\"J24\",\"J29\",\"J32\",\"J33\",\"J44\"]','{\"answer_uuid\":\"65f0e0c7-7448-4cf0-b6ce-568a948e1d8329\",\"received_ids\":1,\"score_data\":{\"card_selected\":[\"E03\",\"E04\",\"E07\",\"E15\",\"E28\",\"E31\",\"J21\",\"J24\",\"J29\",\"J32\",\"J33\",\"J44\"],\"changed\":0,\"mse\":2.972484513604057,\"parts_needed\":1,\"score\":{\"final_bonus_factor\":0.32,\"final_score\":158.4,\"max_score\":158.4,\"penalties\":0,\"raw_score\":120}}}','2022-12-08 02:54:53','2022-12-08 02:54:53',12,29,12),(170,'[\"E01\",\"E02\",\"E04\",\"E07\",\"E32\",\"J05\",\"J09\",\"J13\",\"J17\",\"J18\",\"J32\",\"J35\",\"J38\",\"J40\",\"J44\"]','{\"answer_uuid\":\"3f509ee3-d9e9-4748-afe1-ab7e7abad4a329\",\"received_ids\":1,\"score_data\":{\"card_selected\":[\"E01\",\"E02\",\"E04\",\"E07\",\"E32\",\"J05\",\"J09\",\"J13\",\"J17\",\"J18\",\"J32\",\"J35\",\"J38\",\"J40\",\"J44\"],\"changed\":0,\"mse\":2.970429308043277,\"parts_needed\":1,\"score\":{\"final_bonus_factor\":0.32,\"final_score\":198,\"max_score\":198,\"penalties\":0,\"raw_score\":150}}}','2022-12-08 02:58:08','2022-12-08 02:58:08',13,29,13),(171,'[\"E01\",\"E02\",\"E04\",\"E07\",\"E32\",\"J05\",\"J09\",\"J13\",\"J17\",\"J18\",\"J32\",\"J35\",\"J38\",\"J40\",\"J42\"]','{\"answer_uuid\":\"3f509ee3-d9e9-4748-afe1-ab7e7abad4a336\",\"received_ids\":1,\"score_data\":{\"card_selected\":[\"E01\",\"E02\",\"E04\",\"E07\",\"E32\",\"J05\",\"J09\",\"J13\",\"J17\",\"J18\",\"J32\",\"J35\",\"J38\",\"J40\",\"J42\"],\"changed\":2,\"mse\":3.141035379041541,\"parts_needed\":1,\"score\":{\"final_bonus_factor\":0.32,\"final_score\":179.52,\"max_score\":198,\"penalties\":4,\"raw_score\":140}}}','2022-12-08 02:58:34','2022-12-08 02:59:39',13,36,13),(172,'[\"E01\",\"E02\",\"E04\",\"E07\",\"E32\",\"J05\",\"J09\",\"J13\",\"J17\",\"J18\",\"J32\",\"J35\",\"J38\",\"J40\",\"J44\"]','{\"answer_uuid\":\"3f509ee3-d9e9-4748-afe1-ab7e7abad4a327\",\"received_ids\":1,\"score_data\":{\"card_selected\":[\"E01\",\"E02\",\"E04\",\"E07\",\"E32\",\"J05\",\"J09\",\"J13\",\"J17\",\"J18\",\"J32\",\"J35\",\"J38\",\"J40\",\"J44\"],\"changed\":0,\"mse\":2.970429308043277,\"parts_needed\":1,\"score\":{\"final_bonus_factor\":0.32,\"final_score\":198,\"max_score\":198,\"penalties\":0,\"raw_score\":150}}}','2022-12-08 02:58:41','2022-12-08 02:58:41',13,27,13),(173,'[\"E01\",\"E02\",\"E04\",\"E07\",\"E32\",\"J05\",\"J09\",\"J13\",\"J17\",\"J18\",\"J32\",\"J35\",\"J38\",\"J40\",\"J44\"]','{\"answer_uuid\":\"3f509ee3-d9e9-4748-afe1-ab7e7abad4a334\",\"received_ids\":1,\"score_data\":{\"card_selected\":[\"E01\",\"E02\",\"E04\",\"E07\",\"E32\",\"J05\",\"J09\",\"J13\",\"J17\",\"J18\",\"J32\",\"J35\",\"J38\",\"J40\",\"J44\"],\"changed\":0,\"mse\":2.970429308043277,\"parts_needed\":1,\"score\":{\"final_bonus_factor\":0.32,\"final_score\":198,\"max_score\":198,\"penalties\":0,\"raw_score\":150}}}','2022-12-08 02:59:35','2022-12-08 02:59:35',13,34,13),(174,'[\"E13\",\"E14\",\"E15\",\"E16\",\"E20\",\"E21\",\"E22\",\"E35\",\"E38\",\"E39\",\"E42\",\"J01\",\"J04\",\"J16\",\"J35\",\"J39\",\"J41\",\"J43\"]','{\"answer_uuid\":\"79b6ec41-0625-45c9-9a72-e29f3176e5bf29\",\"received_ids\":1,\"score_data\":{\"card_selected\":[\"E13\",\"E14\",\"E15\",\"E16\",\"E20\",\"E21\",\"E22\",\"E35\",\"E38\",\"E39\",\"E42\",\"J01\",\"J04\",\"J16\",\"J35\",\"J39\",\"J41\",\"J43\"],\"changed\":0,\"mse\":2.0948907808766646,\"parts_needed\":1,\"score\":{\"final_bonus_factor\":0.32,\"final_score\":237.6,\"max_score\":237.6,\"penalties\":0,\"raw_score\":180}}}','2022-12-08 03:02:11','2022-12-08 03:02:11',14,29,14),(175,'[\"E13\",\"E14\",\"E15\",\"E16\",\"E20\",\"E21\",\"E22\",\"E35\",\"E38\",\"E39\",\"E42\",\"J01\",\"J04\",\"J16\",\"J35\",\"J39\",\"J41\",\"J43\"]','{\"answer_uuid\":\"79b6ec41-0625-45c9-9a72-e29f3176e5bf27\",\"received_ids\":1,\"score_data\":{\"card_selected\":[\"E13\",\"E14\",\"E15\",\"E16\",\"E20\",\"E21\",\"E22\",\"E35\",\"E38\",\"E39\",\"E42\",\"J01\",\"J04\",\"J16\",\"J35\",\"J39\",\"J41\",\"J43\"],\"changed\":0,\"mse\":2.0948907808766646,\"parts_needed\":1,\"score\":{\"final_bonus_factor\":0.32,\"final_score\":237.6,\"max_score\":237.6,\"penalties\":0,\"raw_score\":180}}}','2022-12-08 03:02:51','2022-12-08 03:02:51',14,27,14),(176,'[\"E13\",\"E14\",\"E15\",\"E16\",\"E20\",\"E21\",\"E22\",\"E35\",\"E39\",\"E42\",\"J03\",\"J04\",\"J16\",\"J35\",\"J39\",\"J41\",\"J42\",\"J43\"]','{\"answer_uuid\":\"79b6ec41-0625-45c9-9a72-e29f3176e5bf36\",\"received_ids\":2,\"score_data\":{\"card_selected\":[\"E13\",\"E14\",\"E15\",\"E16\",\"E20\",\"E21\",\"E22\",\"E35\",\"E39\",\"E42\",\"J03\",\"J04\",\"J16\",\"J35\",\"J39\",\"J41\",\"J42\",\"J43\"],\"changed\":1,\"mse\":2.4333927782603033,\"parts_needed\":2,\"score\":{\"final_bonus_factor\":0.24,\"final_score\":195.92,\"max_score\":237.6,\"penalties\":2,\"raw_score\":160}}}','2022-12-08 03:02:52','2022-12-08 03:03:25',14,36,14),(177,'[\"E13\",\"E14\",\"E15\",\"E16\",\"E20\",\"E21\",\"E22\",\"E35\",\"E38\",\"E39\",\"E42\",\"J01\",\"J04\",\"J16\",\"J35\",\"J39\",\"J41\",\"J43\"]','{\"answer_uuid\":\"79b6ec41-0625-45c9-9a72-e29f3176e5bf34\",\"received_ids\":1,\"score_data\":{\"card_selected\":[\"E13\",\"E14\",\"E15\",\"E16\",\"E20\",\"E21\",\"E22\",\"E35\",\"E38\",\"E39\",\"E42\",\"J01\",\"J04\",\"J16\",\"J35\",\"J39\",\"J41\",\"J43\"],\"changed\":0,\"mse\":2.0948907808766646,\"parts_needed\":1,\"score\":{\"final_bonus_factor\":0.32,\"final_score\":237.6,\"max_score\":237.6,\"penalties\":0,\"raw_score\":180}}}','2022-12-08 03:04:07','2022-12-08 03:04:07',14,34,14),(178,'[\"E14\",\"E16\",\"E19\",\"E20\",\"E23\",\"E26\",\"E27\",\"E32\",\"E37\",\"E42\",\"E43\",\"J01\",\"J02\",\"J05\",\"J11\",\"J18\",\"J27\",\"J28\",\"J31\",\"J33\"]','{\"answer_uuid\":\"8a363ebb-347a-44bd-b255-62606009e4e429\",\"received_ids\":1,\"score_data\":{\"card_selected\":[\"E14\",\"E16\",\"E19\",\"E20\",\"E23\",\"E26\",\"E27\",\"E32\",\"E37\",\"E42\",\"E43\",\"J01\",\"J02\",\"J05\",\"J11\",\"J18\",\"J27\",\"J28\",\"J31\",\"J33\"],\"changed\":0,\"mse\":3.6556481058788517,\"parts_needed\":1,\"score\":{\"final_bonus_factor\":0.3,\"final_score\":260,\"max_score\":260,\"penalties\":0,\"raw_score\":200}}}','2022-12-08 03:06:28','2022-12-08 03:06:28',15,29,15),(179,'[\"E14\",\"E16\",\"E19\",\"E20\",\"E23\",\"E26\",\"E27\",\"E32\",\"E37\",\"E42\",\"E43\",\"J01\",\"J02\",\"J05\",\"J11\",\"J18\",\"J27\",\"J28\",\"J31\",\"J33\"]','{\"answer_uuid\":\"8a363ebb-347a-44bd-b255-62606009e4e434\",\"received_ids\":1,\"score_data\":{\"card_selected\":[\"E14\",\"E16\",\"E19\",\"E20\",\"E23\",\"E26\",\"E27\",\"E32\",\"E37\",\"E42\",\"E43\",\"J01\",\"J02\",\"J05\",\"J11\",\"J18\",\"J27\",\"J28\",\"J31\",\"J33\"],\"changed\":0,\"mse\":3.6556481058788517,\"parts_needed\":1,\"score\":{\"final_bonus_factor\":0.3,\"final_score\":260,\"max_score\":260,\"penalties\":0,\"raw_score\":200}}}','2022-12-08 03:07:28','2022-12-08 03:07:28',15,34,15),(180,'[\"E14\",\"E16\",\"E19\",\"E20\",\"E23\",\"E26\",\"E27\",\"E32\",\"E37\",\"E42\",\"E43\",\"J01\",\"J03\",\"J05\",\"J11\",\"J18\",\"J27\",\"J28\",\"J31\",\"J33\"]','{\"answer_uuid\":\"8a363ebb-347a-44bd-b255-62606009e4e436\",\"received_ids\":3,\"score_data\":{\"card_selected\":[\"E14\",\"E16\",\"E19\",\"E20\",\"E23\",\"E26\",\"E27\",\"E32\",\"E37\",\"E42\",\"E43\",\"J01\",\"J03\",\"J05\",\"J11\",\"J18\",\"J27\",\"J28\",\"J31\",\"J33\"],\"changed\":2,\"mse\":4.014570753263545,\"parts_needed\":3,\"score\":{\"final_bonus_factor\":0.1,\"final_score\":204.6,\"max_score\":260,\"penalties\":4,\"raw_score\":190}}}','2022-12-08 03:07:29','2022-12-08 03:08:17',15,36,15),(181,'[\"E14\",\"E15\",\"E16\",\"E19\",\"E20\",\"E23\",\"E26\",\"E27\",\"E32\",\"E37\",\"E42\",\"J01\",\"J02\",\"J05\",\"J11\",\"J18\",\"J27\",\"J28\",\"J31\",\"J33\"]','{\"answer_uuid\":\"8a363ebb-347a-44bd-b255-62606009e4e427\",\"received_ids\":1,\"score_data\":{\"card_selected\":[\"E14\",\"E15\",\"E16\",\"E19\",\"E20\",\"E23\",\"E26\",\"E27\",\"E32\",\"E37\",\"E42\",\"J01\",\"J02\",\"J05\",\"J11\",\"J18\",\"J27\",\"J28\",\"J31\",\"J33\"],\"changed\":0,\"mse\":3.788413238129329,\"parts_needed\":1,\"score\":{\"final_bonus_factor\":0.3,\"final_score\":247,\"max_score\":260,\"penalties\":0,\"raw_score\":190}}}','2022-12-08 03:08:29','2022-12-08 03:08:29',15,27,15),(182,'[\"E04\",\"E08\",\"E11\",\"E12\",\"E13\",\"E17\",\"E18\",\"E20\",\"E22\",\"E25\",\"E27\",\"E34\",\"E42\",\"J07\",\"J10\",\"J13\",\"J15\",\"J22\",\"J23\",\"J44\"]','{\"answer_uuid\":\"a4557eba-868c-449d-8af7-ca09023d553d29\",\"received_ids\":1,\"score_data\":{\"card_selected\":[\"E04\",\"E08\",\"E11\",\"E12\",\"E13\",\"E17\",\"E18\",\"E20\",\"E22\",\"E25\",\"E27\",\"E34\",\"E42\",\"J07\",\"J10\",\"J13\",\"J15\",\"J22\",\"J23\",\"J44\"],\"changed\":0,\"mse\":3.2855243168472117,\"parts_needed\":1,\"score\":{\"final_bonus_factor\":0.68,\"final_score\":336,\"max_score\":336,\"penalties\":0,\"raw_score\":200}}}','2022-12-08 03:21:24','2022-12-08 03:21:24',16,29,16),(183,'[\"E04\",\"E08\",\"E11\",\"E12\",\"E13\",\"E17\",\"E18\",\"E20\",\"E22\",\"E25\",\"E27\",\"E34\",\"E42\",\"J07\",\"J10\",\"J13\",\"J15\",\"J22\",\"J23\",\"J44\"]','{\"answer_uuid\":\"a4557eba-868c-449d-8af7-ca09023d553d27\",\"received_ids\":1,\"score_data\":{\"card_selected\":[\"E04\",\"E08\",\"E11\",\"E12\",\"E13\",\"E17\",\"E18\",\"E20\",\"E22\",\"E25\",\"E27\",\"E34\",\"E42\",\"J07\",\"J10\",\"J13\",\"J15\",\"J22\",\"J23\",\"J44\"],\"changed\":0,\"mse\":3.2855243168472117,\"parts_needed\":1,\"score\":{\"final_bonus_factor\":0.68,\"final_score\":336,\"max_score\":336,\"penalties\":0,\"raw_score\":200}}}','2022-12-08 03:21:27','2022-12-08 03:21:27',16,27,16),(184,'[\"E02\",\"E04\",\"E06\",\"E07\",\"E10\",\"E13\",\"E15\",\"E22\",\"E23\",\"E24\",\"E32\",\"J01\",\"J08\",\"J15\",\"J23\",\"J26\",\"J27\",\"J30\",\"J39\",\"J40\"]','{\"answer_uuid\":\"34759b42-a3e9-4041-823c-232924321f1929\",\"received_ids\":1,\"score_data\":{\"card_selected\":[\"E02\",\"E04\",\"E06\",\"E07\",\"E10\",\"E13\",\"E15\",\"E22\",\"E23\",\"E24\",\"E32\",\"J01\",\"J08\",\"J15\",\"J23\",\"J26\",\"J27\",\"J30\",\"J39\",\"J40\"],\"changed\":0,\"mse\":2.281068548201758,\"parts_needed\":1,\"score\":{\"final_bonus_factor\":0.68,\"final_score\":336,\"max_score\":336,\"penalties\":0,\"raw_score\":200}}}','2022-12-08 03:24:31','2022-12-08 03:24:31',17,29,17),(185,'[\"E01\",\"E06\",\"E11\",\"E15\",\"E16\",\"E28\",\"E29\",\"E31\",\"E32\",\"E37\",\"J02\",\"J04\",\"J05\",\"J06\",\"J14\",\"J19\",\"J25\",\"J26\",\"J32\",\"J37\"]','{\"answer_uuid\":\"c1ea0b99-679e-40ac-9221-294d986a261e27\",\"received_ids\":1,\"score_data\":{\"card_selected\":[\"E01\",\"E06\",\"E11\",\"E15\",\"E16\",\"E28\",\"E29\",\"E31\",\"E32\",\"E37\",\"J02\",\"J04\",\"J05\",\"J06\",\"J14\",\"J19\",\"J25\",\"J26\",\"J32\",\"J37\"],\"changed\":0,\"mse\":2.4607869204222355,\"parts_needed\":1,\"score\":{\"final_bonus_factor\":0.68,\"final_score\":336,\"max_score\":336,\"penalties\":0,\"raw_score\":200}}}','2022-12-08 03:29:24','2022-12-08 03:29:24',18,27,18),(186,'[\"E01\",\"E06\",\"E11\",\"E15\",\"E16\",\"E28\",\"E29\",\"E31\",\"E32\",\"E37\",\"J02\",\"J04\",\"J05\",\"J06\",\"J14\",\"J19\",\"J25\",\"J26\",\"J32\",\"J37\"]','{\"answer_uuid\":\"c1ea0b99-679e-40ac-9221-294d986a261e29\",\"received_ids\":1,\"score_data\":{\"card_selected\":[\"E01\",\"E06\",\"E11\",\"E15\",\"E16\",\"E28\",\"E29\",\"E31\",\"E32\",\"E37\",\"J02\",\"J04\",\"J05\",\"J06\",\"J14\",\"J19\",\"J25\",\"J26\",\"J32\",\"J37\"],\"changed\":0,\"mse\":2.4607869204222355,\"parts_needed\":1,\"score\":{\"final_bonus_factor\":0.68,\"final_score\":336,\"max_score\":336,\"penalties\":0,\"raw_score\":200}}}','2022-12-08 03:29:41','2022-12-08 03:29:41',18,29,18),(187,'[\"E05\",\"E11\",\"E12\",\"E19\",\"E23\",\"E31\",\"E32\",\"E33\",\"E34\",\"J08\",\"J09\",\"J12\",\"J14\",\"J23\",\"J29\",\"J31\",\"J34\",\"J40\",\"J41\",\"J43\"]','{\"answer_uuid\":\"af39a1ed-8e8f-4256-8fe6-eb5448ec6d3129\",\"received_ids\":1,\"score_data\":{\"card_selected\":[\"E05\",\"E11\",\"E12\",\"E19\",\"E23\",\"E31\",\"E32\",\"E33\",\"E34\",\"J08\",\"J09\",\"J12\",\"J14\",\"J23\",\"J29\",\"J31\",\"J34\",\"J40\",\"J41\",\"J43\"],\"changed\":0,\"mse\":2.897643165948067,\"parts_needed\":1,\"score\":{\"final_bonus_factor\":0.68,\"final_score\":336,\"max_score\":336,\"penalties\":0,\"raw_score\":200}}}','2022-12-08 03:32:50','2022-12-08 03:32:50',19,29,19),(188,'[\"E08\",\"E09\",\"E15\",\"E24\",\"E29\",\"E30\",\"E44\",\"J01\",\"J02\",\"J03\",\"J05\",\"J07\",\"J09\",\"J10\",\"J16\",\"J22\",\"J34\",\"J38\",\"J40\",\"J44\"]','{\"answer_uuid\":\"75b15367-8558-4b86-8a5e-ccd19dfd9b4229\",\"received_ids\":1,\"score_data\":{\"card_selected\":[\"E08\",\"E09\",\"E15\",\"E24\",\"E29\",\"E30\",\"E44\",\"J01\",\"J02\",\"J03\",\"J05\",\"J07\",\"J09\",\"J10\",\"J16\",\"J22\",\"J34\",\"J38\",\"J40\",\"J44\"],\"changed\":0,\"mse\":3.065502735921448,\"parts_needed\":1,\"score\":{\"final_bonus_factor\":0.68,\"final_score\":336,\"max_score\":336,\"penalties\":0,\"raw_score\":200}}}','2022-12-08 03:37:00','2022-12-08 03:37:00',20,29,20);
/*!40000 ALTER TABLE `answer` ENABLE KEYS */;
UNLOCK TABLES;

--
-- Table structure for table `match`
--

DROP TABLE IF EXISTS `match`;
/*!40101 SET @saved_cs_client     = @@character_set_client */;
/*!50503 SET character_set_client = utf8mb4 */;
CREATE TABLE `match` (
  `id` int NOT NULL AUTO_INCREMENT,
  `name` varchar(255) NOT NULL,
  `description` text,
  `is_active` tinyint(1) DEFAULT '0',
  `createdAt` datetime NOT NULL,
  `updatedAt` datetime NOT NULL,
  `round_id` int NOT NULL,
  PRIMARY KEY (`id`),
  UNIQUE KEY `match_name_round_id` (`name`,`round_id`),
  KEY `round_id` (`round_id`),
  CONSTRAINT `match_ibfk_1` FOREIGN KEY (`round_id`) REFERENCES `round` (`id`) ON DELETE CASCADE ON UPDATE CASCADE
) ENGINE=InnoDB AUTO_INCREMENT=22 DEFAULT CHARSET=utf8mb4 COLLATE=utf8mb4_0900_ai_ci;
/*!40101 SET character_set_client = @saved_cs_client */;

--
-- Dumping data for table `match`
--

LOCK TABLES `match` WRITE;
/*!40000 ALTER TABLE `match` DISABLE KEYS */;
INSERT INTO `match` VALUES (1,'Round 1 - Match 1','Round 1 - Match 1',0,'2022-12-07 07:13:12','2022-12-08 01:03:34',1),(2,'Round 1 - Match 2','Round 1 - Match 2',0,'2022-12-07 07:13:23','2022-12-08 01:07:41',1),(3,'Round 1 - Match 3','Round 1 - Match 3',0,'2022-12-07 07:13:39','2022-12-08 01:11:18',1),(4,'Round 1 - Match 4','Round 1 - Match 4',0,'2022-12-07 07:13:49','2022-12-08 01:15:18',1),(5,'Round 1 - Match 5','Round 1 - Match 5',0,'2022-12-07 07:14:02','2022-12-08 01:38:15',1),(6,'Round 2 - Match 1','Round 2 - Match 1',0,'2022-12-07 07:25:23','2022-12-08 02:15:37',2),(7,'Round 2 - Match 2','Round 2 - Match 2',0,'2022-12-07 07:26:16','2022-12-08 02:19:16',2),(8,'Round 2 - Match 3','Round 2 - Match 3',0,'2022-12-07 07:26:28','2022-12-08 02:23:19',2),(9,'Round 2 - Match 4','Round 2 - Match 4',0,'2022-12-07 07:26:38','2022-12-08 02:27:24',2),(10,'Round 2 - Match 5','Round 2 - Match 5',0,'2022-12-07 07:35:02','2022-12-08 02:31:10',2),(11,'Round 3 - Match 1','Round 3 - Match 1',0,'2022-12-07 07:55:06','2022-12-08 02:53:24',3),(12,'Round 3 - Match 2','Round 3 - Match 2',0,'2022-12-07 07:55:14','2022-12-08 02:57:32',3),(13,'Round 3 - Match 3','Round 3 - Match 3',0,'2022-12-07 07:55:21','2022-12-08 03:01:11',3),(14,'Round 3 - Match 4','Round 3 - Match 4',0,'2022-12-07 07:55:29','2022-12-08 03:05:19',3),(15,'Round 3 - Match 5','Round 3 - Match 5',0,'2022-12-07 07:55:39','2022-12-08 03:09:27',3),(16,'Round 4 - Match 1','Round 4 - Match 1',0,'2022-12-07 08:03:12','2022-12-08 03:23:17',4),(17,'Round 4 - Match 2','Round 4 - Match 2',0,'2022-12-07 08:03:20','2022-12-08 03:27:19',4),(18,'Round 4 - Match 3','Round 4 - Match 3',0,'2022-12-07 08:03:51','2022-12-08 03:31:19',4),(19,'Round 4 - Match 4','Round 4 - Match 4',0,'2022-12-07 08:03:58','2022-12-08 03:35:18',4),(20,'Round 4 - Match 5','Round 4 - Match 5',0,'2022-12-07 08:04:07','2022-12-08 03:39:07',4),(21,'Match test','Match test',0,'2022-12-07 08:55:48','2022-12-08 00:54:33',5);
/*!40000 ALTER TABLE `match` ENABLE KEYS */;
UNLOCK TABLES;

--
-- Table structure for table `question`
--

DROP TABLE IF EXISTS `question`;
/*!40101 SET @saved_cs_client     = @@character_set_client */;
/*!50503 SET character_set_client = utf8mb4 */;
CREATE TABLE `question` (
  `id` int NOT NULL AUTO_INCREMENT,
  `name` varchar(255) NOT NULL,
  `start_time` datetime DEFAULT NULL,
  `end_time` datetime DEFAULT NULL,
  `question_data` text,
  `createdAt` datetime NOT NULL,
  `updatedAt` datetime NOT NULL,
  `match_id` int NOT NULL,
  PRIMARY KEY (`id`),
  UNIQUE KEY `Items_unique` (`name`,`match_id`),
  KEY `match_id` (`match_id`),
  CONSTRAINT `question_ibfk_1` FOREIGN KEY (`match_id`) REFERENCES `match` (`id`) ON DELETE CASCADE ON UPDATE CASCADE
) ENGINE=InnoDB AUTO_INCREMENT=22 DEFAULT CHARSET=utf8mb4 COLLATE=utf8mb4_0900_ai_ci;
/*!40101 SET character_set_client = @saved_cs_client */;

--
-- Dumping data for table `question`
--

LOCK TABLES `question` WRITE;
/*!40000 ALTER TABLE `question` DISABLE KEYS */;
INSERT INTO `question` VALUES (1,'Q1_1','2022-12-08 01:00:00','2022-12-08 01:03:00','{\"answer_data\":[{\"card\":\"J10\",\"offset\":7564},{\"card\":\"E14\",\"offset\":13202},{\"card\":\"E34\",\"offset\":7604}],\"bonus_factor\":0,\"n_cards\":3,\"n_parts\":3,\"penalty_per_change\":0.1,\"point_per_correct\":10,\"question_uuid\":\"6904ae4e-8e38-4e21-924a-c7c39a4c596a\"}','2022-12-07 07:16:52','2022-12-07 08:18:38',1),(2,'Q1_2','2022-12-08 01:04:00','2022-12-08 01:07:00','{\"answer_data\":[{\"card\":\"E24\",\"offset\":4562},{\"card\":\"J43\",\"offset\":6655},{\"card\":\"E10\",\"offset\":13476},{\"card\":\"J26\",\"offset\":10434},{\"card\":\"J36\",\"offset\":10058}],\"bonus_factor\":0,\"n_cards\":5,\"n_parts\":3,\"penalty_per_change\":0.1,\"point_per_correct\":10,\"question_uuid\":\"a8d9cd10-7eb7-44cb-a94c-1af44eb32391\"}','2022-12-07 07:18:08','2022-12-07 07:18:08',2),(3,'Q1_3','2022-12-08 01:08:00','2022-12-08 01:11:00','{\"answer_data\":[{\"card\":\"E31\",\"offset\":675},{\"card\":\"E21\",\"offset\":3102},{\"card\":\"J28\",\"offset\":2955},{\"card\":\"J21\",\"offset\":11814},{\"card\":\"J42\",\"offset\":287},{\"card\":\"E44\",\"offset\":5553},{\"card\":\"J07\",\"offset\":14358}],\"bonus_factor\":0,\"n_cards\":7,\"n_parts\":4,\"penalty_per_change\":0.1,\"point_per_correct\":10,\"question_uuid\":\"cb1da883-d1e7-468a-9634-91fb89d3201f\"}','2022-12-07 07:19:03','2022-12-07 08:18:56',3),(4,'Q1_4','2022-12-08 01:12:00','2022-12-08 01:15:00','{\"answer_data\":[{\"card\":\"E24\",\"offset\":3928},{\"card\":\"J08\",\"offset\":635},{\"card\":\"E05\",\"offset\":3212},{\"card\":\"J10\",\"offset\":1276},{\"card\":\"J16\",\"offset\":5350},{\"card\":\"J44\",\"offset\":2761},{\"card\":\"J30\",\"offset\":9916},{\"card\":\"J32\",\"offset\":8543}],\"bonus_factor\":0,\"n_cards\":8,\"n_parts\":4,\"penalty_per_change\":0.1,\"point_per_correct\":10,\"question_uuid\":\"3831e73c-a5f5-4cb6-846f-874d80e7b258\"}','2022-12-07 07:19:55','2022-12-07 08:19:17',4),(5,'Q1_5','2022-12-08 01:17:00','2022-12-08 01:20:00','{\"answer_data\":[{\"card\":\"J24\",\"offset\":13331},{\"card\":\"J08\",\"offset\":13965},{\"card\":\"J12\",\"offset\":9253},{\"card\":\"E27\",\"offset\":13535},{\"card\":\"E35\",\"offset\":13530},{\"card\":\"J05\",\"offset\":5030},{\"card\":\"J43\",\"offset\":859},{\"card\":\"J07\",\"offset\":12075},{\"card\":\"E31\",\"offset\":11335},{\"card\":\"J23\",\"offset\":13478}],\"bonus_factor\":0,\"n_cards\":10,\"n_parts\":3,\"penalty_per_change\":0.1,\"point_per_correct\":10,\"question_uuid\":\"00145b14-1869-46ac-98e8-bc184b42102a\"}','2022-12-07 07:22:00','2022-12-08 01:16:00',5),(6,'Q2_1','2022-12-08 02:12:00','2022-12-08 02:15:00','{\"answer_data\":[{\"card\":\"E02\",\"offset\":8011},{\"card\":\"J22\",\"offset\":10573},{\"card\":\"E40\",\"offset\":14208},{\"card\":\"J14\",\"offset\":5914},{\"card\":\"E17\",\"offset\":10901},{\"card\":\"E04\",\"offset\":4914},{\"card\":\"J20\",\"offset\":8619}],\"bonus_factor\":0.1,\"n_cards\":7,\"n_parts\":5,\"penalty_per_change\":1,\"point_per_correct\":10,\"question_uuid\":\"995b441f-b698-4a49-814f-bbadd0859282\"}','2022-12-07 07:41:28','2022-12-08 02:10:55',6),(7,'Q2_2','2022-12-08 02:16:00','2022-12-08 02:19:00','{\"answer_data\":[{\"card\":\"E14\",\"offset\":4771},{\"card\":\"J19\",\"offset\":4820},{\"card\":\"E38\",\"offset\":5614},{\"card\":\"J37\",\"offset\":13035},{\"card\":\"E16\",\"offset\":8605},{\"card\":\"J03\",\"offset\":4989},{\"card\":\"J40\",\"offset\":4236},{\"card\":\"J35\",\"offset\":6831}],\"bonus_factor\":0.1,\"n_cards\":8,\"n_parts\":5,\"penalty_per_change\":1,\"point_per_correct\":10,\"question_uuid\":\"759b7567-4c9c-4e10-ad18-55da3309154c\"}','2022-12-07 07:42:22','2022-12-08 02:11:10',7),(8,'Q2_3','2022-12-08 02:20:00','2022-12-08 02:23:00','{\"answer_data\":[{\"card\":\"J09\",\"offset\":9281},{\"card\":\"J22\",\"offset\":4329},{\"card\":\"J12\",\"offset\":6848},{\"card\":\"J02\",\"offset\":10371},{\"card\":\"J28\",\"offset\":923},{\"card\":\"J25\",\"offset\":493},{\"card\":\"E17\",\"offset\":10365},{\"card\":\"E41\",\"offset\":7273},{\"card\":\"J33\",\"offset\":532},{\"card\":\"J13\",\"offset\":3192}],\"bonus_factor\":0.1,\"n_cards\":10,\"n_parts\":4,\"penalty_per_change\":1,\"point_per_correct\":10,\"question_uuid\":\"75739c23-5ca3-45f8-b758-9c08d9fc463d\"}','2022-12-07 07:51:28','2022-12-08 02:11:24',8),(9,'Q2_4','2022-12-08 02:24:00','2022-12-08 02:27:00','{\"answer_data\":[{\"card\":\"E18\",\"offset\":2597},{\"card\":\"J18\",\"offset\":2177},{\"card\":\"E23\",\"offset\":12814},{\"card\":\"E10\",\"offset\":10960},{\"card\":\"J19\",\"offset\":1830},{\"card\":\"J13\",\"offset\":3876},{\"card\":\"J29\",\"offset\":14273},{\"card\":\"J27\",\"offset\":13313},{\"card\":\"J04\",\"offset\":11127},{\"card\":\"E37\",\"offset\":6871},{\"card\":\"E27\",\"offset\":3657},{\"card\":\"E21\",\"offset\":6699}],\"bonus_factor\":0.1,\"n_cards\":12,\"n_parts\":4,\"penalty_per_change\":1,\"point_per_correct\":10,\"question_uuid\":\"b3295267-b8f4-406a-acfe-c86c42c62319\"}','2022-12-07 07:53:32','2022-12-08 02:11:38',9),(10,'Q2_5','2022-12-08 02:28:00','2022-12-08 02:31:00','{\"answer_data\":[{\"card\":\"E37\",\"offset\":4511},{\"card\":\"J20\",\"offset\":405},{\"card\":\"J42\",\"offset\":10058},{\"card\":\"E19\",\"offset\":1080},{\"card\":\"J25\",\"offset\":6894},{\"card\":\"J03\",\"offset\":10313},{\"card\":\"J15\",\"offset\":11854},{\"card\":\"J39\",\"offset\":1947},{\"card\":\"J19\",\"offset\":2983},{\"card\":\"J44\",\"offset\":5864},{\"card\":\"J43\",\"offset\":10545},{\"card\":\"J21\",\"offset\":11368},{\"card\":\"J26\",\"offset\":12568},{\"card\":\"E41\",\"offset\":11447},{\"card\":\"E40\",\"offset\":8048}],\"bonus_factor\":0.1,\"n_cards\":15,\"n_parts\":3,\"penalty_per_change\":1,\"point_per_correct\":10,\"question_uuid\":\"ebdebdf9-96b7-487d-8f1f-cb67da1fcf7b\"}','2022-12-07 07:54:25','2022-12-08 02:11:53',10),(11,'Q3_1','2022-12-08 02:50:00','2022-12-08 02:53:00','{\"answer_data\":[{\"card\":\"J32\",\"offset\":1795},{\"card\":\"J30\",\"offset\":10396},{\"card\":\"E09\",\"offset\":13674},{\"card\":\"E42\",\"offset\":1570},{\"card\":\"J34\",\"offset\":2932},{\"card\":\"J18\",\"offset\":2392},{\"card\":\"E30\",\"offset\":14047},{\"card\":\"J27\",\"offset\":1948},{\"card\":\"J12\",\"offset\":417},{\"card\":\"E39\",\"offset\":10816}],\"bonus_factor\":0.4,\"n_cards\":10,\"n_parts\":5,\"penalty_per_change\":2,\"point_per_correct\":10,\"question_uuid\":\"8e3fd0ad-2669-40e7-8985-30277502859b\"}','2022-12-07 07:56:56','2022-12-08 02:43:57',11),(12,'Q3_2','2022-12-08 02:54:00','2022-12-08 02:57:00','{\"answer_data\":[{\"card\":\"E28\",\"offset\":11773},{\"card\":\"J32\",\"offset\":12854},{\"card\":\"J44\",\"offset\":1490},{\"card\":\"J24\",\"offset\":10042},{\"card\":\"J21\",\"offset\":5955},{\"card\":\"E31\",\"offset\":14181},{\"card\":\"E07\",\"offset\":164},{\"card\":\"J29\",\"offset\":13142},{\"card\":\"J33\",\"offset\":2384},{\"card\":\"E04\",\"offset\":16},{\"card\":\"E03\",\"offset\":10813},{\"card\":\"E15\",\"offset\":7185}],\"bonus_factor\":0.4,\"n_cards\":12,\"n_parts\":5,\"penalty_per_change\":2,\"point_per_correct\":10,\"question_uuid\":\"65f0e0c7-7448-4cf0-b6ce-568a948e1d83\"}','2022-12-07 07:57:47','2022-12-08 02:44:09',12),(13,'Q3_3','2022-12-08 02:58:00','2022-12-08 03:01:00','{\"answer_data\":[{\"card\":\"E32\",\"offset\":10936},{\"card\":\"E04\",\"offset\":7983},{\"card\":\"J09\",\"offset\":6105},{\"card\":\"J35\",\"offset\":2909},{\"card\":\"J13\",\"offset\":11468},{\"card\":\"J44\",\"offset\":13217},{\"card\":\"J38\",\"offset\":10362},{\"card\":\"E07\",\"offset\":2213},{\"card\":\"E02\",\"offset\":1442},{\"card\":\"J32\",\"offset\":6823},{\"card\":\"E01\",\"offset\":3252},{\"card\":\"J40\",\"offset\":8842},{\"card\":\"J17\",\"offset\":5607},{\"card\":\"J18\",\"offset\":921},{\"card\":\"J05\",\"offset\":12026}],\"bonus_factor\":0.4,\"n_cards\":15,\"n_parts\":5,\"penalty_per_change\":2,\"point_per_correct\":10,\"question_uuid\":\"3f509ee3-d9e9-4748-afe1-ab7e7abad4a3\"}','2022-12-07 07:59:02','2022-12-08 02:44:25',13),(14,'Q3_4','2022-12-08 03:02:00','2022-12-08 03:05:00','{\"answer_data\":[{\"card\":\"J41\",\"offset\":3197},{\"card\":\"E20\",\"offset\":1961},{\"card\":\"E14\",\"offset\":8491},{\"card\":\"J35\",\"offset\":5101},{\"card\":\"J43\",\"offset\":5026},{\"card\":\"J16\",\"offset\":6800},{\"card\":\"E21\",\"offset\":5461},{\"card\":\"E16\",\"offset\":7698},{\"card\":\"E15\",\"offset\":606},{\"card\":\"J39\",\"offset\":9510},{\"card\":\"E35\",\"offset\":14152},{\"card\":\"E38\",\"offset\":12203},{\"card\":\"E42\",\"offset\":5060},{\"card\":\"J04\",\"offset\":2185},{\"card\":\"J01\",\"offset\":14083},{\"card\":\"E22\",\"offset\":1488},{\"card\":\"E39\",\"offset\":1555},{\"card\":\"E13\",\"offset\":8691}],\"bonus_factor\":0.4,\"n_cards\":18,\"n_parts\":5,\"penalty_per_change\":2,\"point_per_correct\":10,\"question_uuid\":\"79b6ec41-0625-45c9-9a72-e29f3176e5bf\"}','2022-12-07 07:59:49','2022-12-08 02:44:41',14),(15,'Q3_5','2022-12-08 03:06:00','2022-12-08 03:09:00','{\"answer_data\":[{\"card\":\"E20\",\"offset\":4341},{\"card\":\"E37\",\"offset\":14026},{\"card\":\"E16\",\"offset\":12042},{\"card\":\"J18\",\"offset\":12673},{\"card\":\"E19\",\"offset\":8968},{\"card\":\"J01\",\"offset\":12201},{\"card\":\"E23\",\"offset\":953},{\"card\":\"E43\",\"offset\":12613},{\"card\":\"E42\",\"offset\":8428},{\"card\":\"J27\",\"offset\":563},{\"card\":\"J02\",\"offset\":3657},{\"card\":\"E26\",\"offset\":603},{\"card\":\"E14\",\"offset\":11777},{\"card\":\"E27\",\"offset\":6085},{\"card\":\"J05\",\"offset\":6490},{\"card\":\"E32\",\"offset\":9303},{\"card\":\"J11\",\"offset\":9772},{\"card\":\"J31\",\"offset\":12661},{\"card\":\"J33\",\"offset\":8053},{\"card\":\"J28\",\"offset\":2388}],\"bonus_factor\":0.4,\"n_cards\":20,\"n_parts\":4,\"penalty_per_change\":2,\"point_per_correct\":10,\"question_uuid\":\"8a363ebb-347a-44bd-b255-62606009e4e4\"}','2022-12-07 08:01:34','2022-12-08 02:44:57',15),(16,'Q4_1','2022-12-08 03:20:00','2022-12-08 03:23:00','{\"answer_data\":[{\"card\":\"E22\",\"offset\":7438},{\"card\":\"E18\",\"offset\":2568},{\"card\":\"J13\",\"offset\":13984},{\"card\":\"J15\",\"offset\":2317},{\"card\":\"E08\",\"offset\":11726},{\"card\":\"E27\",\"offset\":4725},{\"card\":\"J23\",\"offset\":2702},{\"card\":\"E13\",\"offset\":5825},{\"card\":\"J44\",\"offset\":11371},{\"card\":\"E17\",\"offset\":10967},{\"card\":\"E34\",\"offset\":7591},{\"card\":\"J22\",\"offset\":10439},{\"card\":\"E25\",\"offset\":36},{\"card\":\"E04\",\"offset\":10193},{\"card\":\"J07\",\"offset\":11372},{\"card\":\"J10\",\"offset\":149},{\"card\":\"E20\",\"offset\":2360},{\"card\":\"E12\",\"offset\":10059},{\"card\":\"E11\",\"offset\":12683},{\"card\":\"E42\",\"offset\":14144}],\"bonus_factor\":0.85,\"n_cards\":20,\"n_parts\":5,\"penalty_per_change\":2,\"point_per_correct\":10,\"question_uuid\":\"a4557eba-868c-449d-8af7-ca09023d553d\"}','2022-12-07 08:05:06','2022-12-08 03:12:06',16),(17,'Q4_2','2022-12-08 03:24:00','2022-12-08 03:27:00','{\"answer_data\":[{\"card\":\"J23\",\"offset\":5376},{\"card\":\"E15\",\"offset\":260},{\"card\":\"E24\",\"offset\":2196},{\"card\":\"E22\",\"offset\":9603},{\"card\":\"J01\",\"offset\":11303},{\"card\":\"J40\",\"offset\":4896},{\"card\":\"E13\",\"offset\":6575},{\"card\":\"E02\",\"offset\":267},{\"card\":\"J39\",\"offset\":10345},{\"card\":\"J27\",\"offset\":7989},{\"card\":\"J26\",\"offset\":2994},{\"card\":\"E23\",\"offset\":65},{\"card\":\"E04\",\"offset\":4281},{\"card\":\"J15\",\"offset\":10432},{\"card\":\"E07\",\"offset\":4581},{\"card\":\"E06\",\"offset\":5617},{\"card\":\"E32\",\"offset\":2602},{\"card\":\"E10\",\"offset\":3316},{\"card\":\"J08\",\"offset\":6683},{\"card\":\"J30\",\"offset\":11962}],\"bonus_factor\":0.85,\"n_cards\":20,\"n_parts\":5,\"penalty_per_change\":2,\"point_per_correct\":10,\"question_uuid\":\"34759b42-a3e9-4041-823c-232924321f19\"}','2022-12-07 08:05:56','2022-12-08 03:12:24',17),(18,'Q4_3','2022-12-08 03:28:00','2022-12-08 03:31:00','{\"answer_data\":[{\"card\":\"J02\",\"offset\":7673},{\"card\":\"E32\",\"offset\":3374},{\"card\":\"J14\",\"offset\":12192},{\"card\":\"E37\",\"offset\":12393},{\"card\":\"E16\",\"offset\":4722},{\"card\":\"E29\",\"offset\":780},{\"card\":\"J25\",\"offset\":2159},{\"card\":\"E06\",\"offset\":2982},{\"card\":\"J37\",\"offset\":9302},{\"card\":\"J32\",\"offset\":6258},{\"card\":\"E11\",\"offset\":12128},{\"card\":\"J19\",\"offset\":7104},{\"card\":\"E01\",\"offset\":8491},{\"card\":\"E15\",\"offset\":13470},{\"card\":\"E28\",\"offset\":5607},{\"card\":\"E31\",\"offset\":14189},{\"card\":\"J06\",\"offset\":8373},{\"card\":\"J05\",\"offset\":10492},{\"card\":\"J26\",\"offset\":10977},{\"card\":\"J04\",\"offset\":315}],\"bonus_factor\":0.85,\"n_cards\":20,\"n_parts\":5,\"penalty_per_change\":2,\"point_per_correct\":10,\"question_uuid\":\"c1ea0b99-679e-40ac-9221-294d986a261e\"}','2022-12-07 08:06:35','2022-12-08 03:12:45',18),(19,'Q4_4','2022-12-08 03:32:00','2022-12-09 03:35:00','{\"answer_data\":[{\"card\":\"J31\",\"offset\":13697},{\"card\":\"J12\",\"offset\":6423},{\"card\":\"E34\",\"offset\":5275},{\"card\":\"E19\",\"offset\":785},{\"card\":\"J09\",\"offset\":12296},{\"card\":\"E11\",\"offset\":5013},{\"card\":\"E05\",\"offset\":1641},{\"card\":\"J34\",\"offset\":1437},{\"card\":\"J41\",\"offset\":5927},{\"card\":\"E32\",\"offset\":6112},{\"card\":\"J14\",\"offset\":2386},{\"card\":\"E23\",\"offset\":11177},{\"card\":\"J23\",\"offset\":3032},{\"card\":\"E31\",\"offset\":11779},{\"card\":\"E33\",\"offset\":7927},{\"card\":\"E12\",\"offset\":4525},{\"card\":\"J29\",\"offset\":9367},{\"card\":\"J08\",\"offset\":10219},{\"card\":\"J43\",\"offset\":6450},{\"card\":\"J40\",\"offset\":8256}],\"bonus_factor\":0.85,\"n_cards\":20,\"n_parts\":5,\"penalty_per_change\":2,\"point_per_correct\":10,\"question_uuid\":\"af39a1ed-8e8f-4256-8fe6-eb5448ec6d31\"}','2022-12-07 08:07:20','2022-12-08 03:13:02',19),(20,'Q4_5','2022-12-08 03:36:00','2022-12-08 03:39:00','{\"answer_data\":[{\"card\":\"J16\",\"offset\":6864},{\"card\":\"J03\",\"offset\":6500},{\"card\":\"J01\",\"offset\":5237},{\"card\":\"J22\",\"offset\":11968},{\"card\":\"J10\",\"offset\":11434},{\"card\":\"J07\",\"offset\":3683},{\"card\":\"J38\",\"offset\":9476},{\"card\":\"E09\",\"offset\":2451},{\"card\":\"J09\",\"offset\":10208},{\"card\":\"J05\",\"offset\":13241},{\"card\":\"E29\",\"offset\":4527},{\"card\":\"E08\",\"offset\":2543},{\"card\":\"J02\",\"offset\":3732},{\"card\":\"E30\",\"offset\":3827},{\"card\":\"E15\",\"offset\":8427},{\"card\":\"J40\",\"offset\":1193},{\"card\":\"E24\",\"offset\":3854},{\"card\":\"J34\",\"offset\":7178},{\"card\":\"E44\",\"offset\":7851},{\"card\":\"J44\",\"offset\":13623}],\"bonus_factor\":0.85,\"n_cards\":20,\"n_parts\":5,\"penalty_per_change\":2,\"point_per_correct\":10,\"question_uuid\":\"75b15367-8558-4b86-8a5e-ccd19dfd9b42\"}','2022-12-07 08:08:35','2022-12-08 03:33:09',20),(21,'Q_test','2022-12-08 00:25:00','2022-12-08 17:00:00','{\"answer_data\":[{\"card\":\"E12\",\"offset\":9739},{\"card\":\"J19\",\"offset\":2289},{\"card\":\"E32\",\"offset\":6912}],\"bonus_factor\":1,\"n_cards\":3,\"n_parts\":2,\"penalty_per_change\":2,\"point_per_correct\":10,\"question_uuid\":\"6058336b-ec78-44f1-8208-bec4771384f5\"}','2022-12-07 08:56:51','2022-12-08 00:32:14',21);
/*!40000 ALTER TABLE `question` ENABLE KEYS */;
UNLOCK TABLES;

--
-- Table structure for table `round`
--

DROP TABLE IF EXISTS `round`;
/*!40101 SET @saved_cs_client     = @@character_set_client */;
/*!50503 SET character_set_client = utf8mb4 */;
CREATE TABLE `round` (
  `id` int NOT NULL AUTO_INCREMENT,
  `name` varchar(255) NOT NULL,
  `description` text,
  `createdAt` datetime NOT NULL,
  `updatedAt` datetime NOT NULL,
  `tournament_id` int NOT NULL,
  PRIMARY KEY (`id`),
  UNIQUE KEY `Items_unique` (`name`,`tournament_id`),
  KEY `tournament_id` (`tournament_id`),
  CONSTRAINT `round_ibfk_1` FOREIGN KEY (`tournament_id`) REFERENCES `tournament` (`id`) ON DELETE CASCADE ON UPDATE CASCADE
) ENGINE=InnoDB AUTO_INCREMENT=6 DEFAULT CHARSET=utf8mb4 COLLATE=utf8mb4_0900_ai_ci;
/*!40101 SET character_set_client = @saved_cs_client */;

--
-- Dumping data for table `round`
--

LOCK TABLES `round` WRITE;
/*!40000 ALTER TABLE `round` DISABLE KEYS */;
INSERT INTO `round` VALUES (1,'Round 1','Vong 1','2022-12-07 07:03:41','2022-12-07 07:03:41',1),(2,'Round 2','Vong 2','2022-12-07 07:03:49','2022-12-07 07:03:49',1),(3,'Round 3','Vong 3','2022-12-07 07:03:59','2022-12-07 07:03:59',1),(4,'Round 4','Vong 4','2022-12-07 07:04:08','2022-12-07 07:04:08',1),(5,'Round test','Round test','2022-12-07 08:55:20','2022-12-07 08:55:20',1);
/*!40000 ALTER TABLE `round` ENABLE KEYS */;
UNLOCK TABLES;

--
-- Table structure for table `team`
--

DROP TABLE IF EXISTS `team`;
/*!40101 SET @saved_cs_client     = @@character_set_client */;
/*!50503 SET character_set_client = utf8mb4 */;
CREATE TABLE `team` (
  `id` int NOT NULL AUTO_INCREMENT,
  `name` varchar(255) NOT NULL,
  `account` varchar(255) NOT NULL,
  `password` text NOT NULL,
  `is_admin` tinyint(1) DEFAULT '0',
  `createdAt` datetime NOT NULL,
  `updatedAt` datetime NOT NULL,
  PRIMARY KEY (`id`),
  UNIQUE KEY `name` (`name`),
  UNIQUE KEY `account` (`account`)
) ENGINE=InnoDB AUTO_INCREMENT=41 DEFAULT CHARSET=utf8mb4 COLLATE=utf8mb4_0900_ai_ci;
/*!40101 SET character_set_client = @saved_cs_client */;

--
-- Dumping data for table `team`
--

LOCK TABLES `team` WRITE;
/*!40000 ALTER TABLE `team` DISABLE KEYS */;
INSERT INTO `team` VALUES (1,'SIU_Marble','SIU_Marble','$2b$10$1Ze5fdAl79zWZ3R/9Y/4iuTQpRr4V8W.8ILSuq35lL8TUNG8yvnL6',0,'2022-12-07 07:07:11','2022-12-07 07:07:11'),(8,'YU.HIT','YU.HIT','$2b$10$y0zOejiEvRtjCb.hXk/ujOIFlsSyIXRWpiN/QrGvlf08DhE85bz9m',0,'2022-12-07 07:11:08','2022-12-07 07:11:08'),(9,'YU.PIT','YU.PIT','$2b$10$zcrXDRt4XKrwMMas8QcKnOpIRmdkoz9cVSrJk8Zw84y1AJh90MNYO',0,'2022-12-07 07:11:22','2022-12-07 07:11:22'),(10,'YU.Meow','YU.Meow','$2b$10$NcVmI0e7M7JWVHNXJUAAzeU48HDpbNizYOWuOtP3Am5r6BTn1RhG6',0,'2022-12-07 07:11:36','2022-12-07 07:11:36'),(17,'Karuta_Destroyer','Karuta_Destroyer','$2b$10$u75XOlnj/sStT.9Vgr4q8eDts6gWL80Q5qJCw2G8d1wRCTMfGSg8.',0,'2022-12-07 08:13:50','2022-12-07 08:13:50'),(19,'HCMUE','HCMUE','$2b$10$HF224JMuEKFczl/oJxledeE1BCnyWFelWTU3FYShsGslihfYqz0te',0,'2022-12-07 08:15:26','2022-12-07 08:15:26'),(21,'TalentedClowns','TalentedClowns','$2b$10$vGZlHqIIE6o0go.bkM/q2uP2yH9VEeU3.4OQtyRzTYLR2RYunnNam',0,'2022-12-07 08:16:03','2022-12-07 08:16:03'),(22,'DAU.DONE','DAU.DONE','$2b$10$Crv9Eo8YirSzHzc9AFTy1.PviiWpdpetNd4YUP1Xy8wcLMI7xwPlS',0,'2022-12-07 08:16:20','2022-12-07 08:16:20'),(26,'DTU.DZ2','DTU.DZ2','$2b$10$1gvbR07EXqNJ8QHsz4h0mOYk8Ul0uIsodx9FBV3rhe25VLcpzRX7q',0,'2022-12-08 01:41:36','2022-12-08 01:41:36'),(27,'CTU.FFT','CTU.FFT','$2b$10$FGWS4hDcqw2oq8iXhEV9sevBz5ZZjjNbW4JVAPnruySfZVVKEW2n6',0,'2022-12-08 01:59:56','2022-12-08 01:59:56'),(28,'NguyenAI','NguyenAI','$2b$10$58.rkwJriSyctTxsa/t8HuBgMgFe5YadLacBTMe27nC4wRTp49D0a',0,'2022-12-08 02:00:55','2022-12-08 02:00:55'),(29,'HaUI.MiuXinhhh','HaUI.MiuXinhhh','$2b$10$HdtaniQJsZqT2b2YQY8ate.FIbQS9wOO3i442TC6LWQnP4ouVN7si',0,'2022-12-08 02:01:14','2022-12-08 02:01:14'),(31,'In the memory of Danh Trung','In the memory of Danh Trung','$2b$10$oyIQgAdXsLVyBRXkUKHwQOh4iFU7cPlWGj.f3V.LSSz7KqhgI/c6i',0,'2022-12-08 02:01:51','2022-12-08 02:01:51'),(32,'DTU.DZ1','DTU.DZ1','$2b$10$41II/g2a1s2be318s8sqFuvHCkhX/THcAhUTswcx9Ya60O4dTec1G',0,'2022-12-08 02:02:02','2022-12-08 02:02:02'),(33,'BK.PuzzleGod','BK.PuzzleGod','$2b$10$.KqExx39MOoM5SprsQ.qz.MmRrklHJ1lsuIMgBh9cTDTlTJb1HI7q',0,'2022-12-08 02:02:15','2022-12-08 02:02:15'),(34,'PKA','PKA','$2b$10$8whcjJAiIdUaVI3h8UwOxu6cZ2tyisXc5jg8AjWa1vNbAnVprSvfq',0,'2022-12-08 02:02:24','2022-12-08 02:02:24'),(35,'HaUI.The_Three_Amigos','HaUI.The_Three_Amigos','$2b$10$9rFVkrcPo6u96H9xZBVRH.7pnjRodcaziAMtFKYSZMk8DlASNppyO',0,'2022-12-08 02:02:49','2022-12-08 02:02:49'),(36,'3Chubedan','3Chubedan','$2b$10$z4x0nQQRf/LiKX8.8/6DlOUgMhULJLeb4xAKiO2gwF7v0GkhOHzLK',0,'2022-12-08 02:02:50','2022-12-08 02:02:50'),(38,'RD320','RD320','$2b$10$bPr3A8VR8eN4y/uTzthRoOGj4p0Y3h2SbHBb33EJBq6QFstRAOKWW',0,'2022-12-08 02:04:37','2022-12-08 02:04:37'),(39,'CTU.DFT','CTU.DFT','$2b$10$vhbJkGPHHlmghtugngY7p.XxblxY8V18Cei/tjSznU6CGDMTxThme',0,'2022-12-08 02:05:50','2022-12-08 02:05:50'),(40,'test','test','$2b$10$ivEbqqFcZ0SwSeQ1qcFs1../85ARV0Yf8immaVkL7ebdycY5g7vwm',0,'2022-12-08 02:46:58','2022-12-08 02:46:58');
/*!40000 ALTER TABLE `team` ENABLE KEYS */;
UNLOCK TABLES;

--
-- Table structure for table `team_match`
--

DROP TABLE IF EXISTS `team_match`;
/*!40101 SET @saved_cs_client     = @@character_set_client */;
/*!50503 SET character_set_client = utf8mb4 */;
CREATE TABLE `team_match` (
  `createdAt` datetime NOT NULL,
  `updatedAt` datetime NOT NULL,
  `match_id` int NOT NULL,
  `team_id` int NOT NULL,
  PRIMARY KEY (`match_id`,`team_id`),
  KEY `team_id` (`team_id`),
  CONSTRAINT `team_match_ibfk_1` FOREIGN KEY (`match_id`) REFERENCES `match` (`id`) ON DELETE CASCADE ON UPDATE CASCADE,
  CONSTRAINT `team_match_ibfk_2` FOREIGN KEY (`team_id`) REFERENCES `team` (`id`) ON DELETE CASCADE ON UPDATE CASCADE
) ENGINE=InnoDB DEFAULT CHARSET=utf8mb4 COLLATE=utf8mb4_0900_ai_ci;
/*!40101 SET character_set_client = @saved_cs_client */;

--
-- Dumping data for table `team_match`
--

LOCK TABLES `team_match` WRITE;
/*!40000 ALTER TABLE `team_match` DISABLE KEYS */;
INSERT INTO `team_match` VALUES ('2022-12-07 08:21:12','2022-12-07 08:21:12',1,1),('2022-12-07 08:21:31','2022-12-07 08:21:31',1,8),('2022-12-07 08:21:40','2022-12-07 08:21:40',1,9),('2022-12-07 08:21:45','2022-12-07 08:21:45',1,10),('2022-12-07 08:22:12','2022-12-07 08:22:12',1,17),('2022-12-07 08:22:22','2022-12-07 08:22:22',1,19),('2022-12-07 08:22:32','2022-12-07 08:22:32',1,21),('2022-12-07 08:22:36','2022-12-07 08:22:36',1,22),('2022-12-07 08:23:11','2022-12-07 08:23:11',2,1),('2022-12-07 08:23:27','2022-12-07 08:23:27',2,8),('2022-12-07 08:23:31','2022-12-07 08:23:31',2,9),('2022-12-07 08:23:34','2022-12-07 08:23:34',2,10),('2022-12-07 08:24:04','2022-12-07 08:24:04',2,17),('2022-12-07 08:24:18','2022-12-07 08:24:18',2,19),('2022-12-07 08:24:27','2022-12-07 08:24:27',2,21),('2022-12-07 08:24:40','2022-12-07 08:24:40',2,22),('2022-12-07 08:24:53','2022-12-07 08:24:53',3,1),('2022-12-07 08:25:11','2022-12-07 08:25:11',3,8),('2022-12-07 08:25:15','2022-12-07 08:25:15',3,9),('2022-12-07 08:25:19','2022-12-07 08:25:19',3,10),('2022-12-07 08:25:38','2022-12-07 08:25:38',3,17),('2022-12-07 08:25:46','2022-12-07 08:25:46',3,19),('2022-12-07 08:26:02','2022-12-07 08:26:02',3,21),('2022-12-07 08:26:05','2022-12-07 08:26:05',3,22),('2022-12-07 08:26:18','2022-12-07 08:26:18',4,1),('2022-12-07 08:26:34','2022-12-07 08:26:34',4,8),('2022-12-07 08:26:38','2022-12-07 08:26:38',4,9),('2022-12-07 08:26:41','2022-12-07 08:26:41',4,10),('2022-12-07 08:27:04','2022-12-07 08:27:04',4,17),('2022-12-07 08:27:17','2022-12-07 08:27:17',4,19),('2022-12-07 08:27:28','2022-12-07 08:27:28',4,21),('2022-12-07 08:27:32','2022-12-07 08:27:32',4,22),('2022-12-07 08:27:45','2022-12-07 08:27:45',5,1),('2022-12-07 08:28:06','2022-12-07 08:28:06',5,8),('2022-12-07 08:28:10','2022-12-07 08:28:10',5,9),('2022-12-07 08:28:14','2022-12-07 08:28:14',5,10),('2022-12-07 08:28:40','2022-12-07 08:28:40',5,17),('2022-12-07 08:28:55','2022-12-07 08:28:55',5,19),('2022-12-07 08:29:04','2022-12-07 08:29:04',5,21),('2022-12-07 08:29:07','2022-12-07 08:29:07',5,22),('2022-12-08 02:10:23','2022-12-08 02:10:23',6,26),('2022-12-08 02:06:49','2022-12-08 02:06:49',6,27),('2022-12-08 02:07:58','2022-12-08 02:07:58',6,28),('2022-12-08 02:08:06','2022-12-08 02:08:06',6,29),('2022-12-08 02:08:11','2022-12-08 02:08:11',6,31),('2022-12-08 02:07:02','2022-12-08 02:07:02',6,32),('2022-12-08 02:07:20','2022-12-08 02:07:20',6,33),('2022-12-08 02:07:29','2022-12-08 02:07:29',6,34),('2022-12-08 02:07:12','2022-12-08 02:07:12',6,35),('2022-12-08 02:07:40','2022-12-08 02:07:40',6,36),('2022-12-08 02:07:49','2022-12-08 02:07:49',6,38),('2022-12-08 02:06:41','2022-12-08 02:06:41',6,39),('2022-12-08 02:09:57','2022-12-08 02:09:57',7,26),('2022-12-08 02:09:44','2022-12-08 02:09:44',7,27),('2022-12-08 02:10:31','2022-12-08 02:10:31',7,28),('2022-12-08 02:10:36','2022-12-08 02:10:36',7,29),('2022-12-08 02:10:44','2022-12-08 02:10:44',7,31),('2022-12-08 02:09:53','2022-12-08 02:09:53',7,32),('2022-12-08 02:10:09','2022-12-08 02:10:09',7,33),('2022-12-08 02:10:14','2022-12-08 02:10:14',7,34),('2022-12-08 02:10:03','2022-12-08 02:10:03',7,35),('2022-12-08 02:10:20','2022-12-08 02:10:20',7,36),('2022-12-08 02:10:24','2022-12-08 02:10:24',7,38),('2022-12-08 02:09:48','2022-12-08 02:09:48',7,39),('2022-12-08 02:08:49','2022-12-08 02:08:49',8,26),('2022-12-08 02:08:26','2022-12-08 02:08:26',8,27),('2022-12-08 02:09:25','2022-12-08 02:09:25',8,28),('2022-12-08 02:09:30','2022-12-08 02:09:30',8,29),('2022-12-08 02:09:35','2022-12-08 02:09:35',8,31),('2022-12-08 02:08:45','2022-12-08 02:08:45',8,32),('2022-12-08 02:09:03','2022-12-08 02:09:03',8,33),('2022-12-08 02:09:09','2022-12-08 02:09:09',8,34),('2022-12-08 02:08:56','2022-12-08 02:08:56',8,35),('2022-12-08 02:09:14','2022-12-08 02:09:14',8,36),('2022-12-08 02:09:20','2022-12-08 02:09:20',8,38),('2022-12-08 02:08:40','2022-12-08 02:08:40',8,39),('2022-12-08 02:07:07','2022-12-08 02:07:07',9,26),('2022-12-08 02:05:37','2022-12-08 02:05:37',9,27),('2022-12-08 02:06:51','2022-12-08 02:06:51',9,28),('2022-12-08 02:06:56','2022-12-08 02:06:56',9,29),('2022-12-08 02:07:01','2022-12-08 02:07:01',9,31),('2022-12-08 02:05:52','2022-12-08 02:05:52',9,32),('2022-12-08 02:06:27','2022-12-08 02:06:27',9,33),('2022-12-08 02:06:34','2022-12-08 02:06:34',9,34),('2022-12-08 02:06:19','2022-12-08 02:06:19',9,35),('2022-12-08 02:06:39','2022-12-08 02:06:39',9,36),('2022-12-08 02:06:44','2022-12-08 02:06:44',9,38),('2022-12-08 02:06:12','2022-12-08 02:06:12',9,39),('2022-12-08 02:07:30','2022-12-08 02:07:30',10,26),('2022-12-08 02:07:14','2022-12-08 02:07:14',10,27),('2022-12-08 02:08:01','2022-12-08 02:08:01',10,28),('2022-12-08 02:08:07','2022-12-08 02:08:07',10,29),('2022-12-08 02:08:12','2022-12-08 02:08:12',10,31),('2022-12-08 02:07:25','2022-12-08 02:07:25',10,32),('2022-12-08 02:07:40','2022-12-08 02:07:40',10,33),('2022-12-08 02:07:44','2022-12-08 02:07:44',10,34),('2022-12-08 02:07:34','2022-12-08 02:07:34',10,35),('2022-12-08 02:07:49','2022-12-08 02:07:49',10,36),('2022-12-08 02:07:54','2022-12-08 02:07:54',10,38),('2022-12-08 02:07:20','2022-12-08 02:07:20',10,39),('2022-12-08 02:47:16','2022-12-08 02:47:16',10,40),('2022-12-08 02:43:52','2022-12-08 02:43:52',11,27),('2022-12-08 02:44:21','2022-12-08 02:44:21',11,29),('2022-12-08 02:44:11','2022-12-08 02:44:11',11,34),('2022-12-08 02:44:31','2022-12-08 02:44:31',11,36),('2022-12-08 02:45:03','2022-12-08 02:45:03',12,27),('2022-12-08 02:44:47','2022-12-08 02:44:47',12,29),('2022-12-08 02:44:54','2022-12-08 02:44:54',12,34),('2022-12-08 02:44:38','2022-12-08 02:44:38',12,36),('2022-12-08 02:45:09','2022-12-08 02:45:09',13,27),('2022-12-08 02:45:27','2022-12-08 02:45:27',13,29),('2022-12-08 02:45:19','2022-12-08 02:45:19',13,34),('2022-12-08 02:45:35','2022-12-08 02:45:35',13,36),('2022-12-08 02:45:56','2022-12-08 02:45:56',14,27),('2022-12-08 02:45:50','2022-12-08 02:45:50',14,29),('2022-12-08 02:46:02','2022-12-08 02:46:02',14,34),('2022-12-08 02:45:41','2022-12-08 02:45:41',14,36),('2022-12-08 02:45:26','2022-12-08 02:45:26',15,27),('2022-12-08 02:45:38','2022-12-08 02:45:38',15,29),('2022-12-08 02:45:31','2022-12-08 02:45:31',15,34),('2022-12-08 02:45:42','2022-12-08 02:45:42',15,36),('2022-12-08 03:14:08','2022-12-08 03:14:08',16,27),('2022-12-08 03:13:59','2022-12-08 03:13:59',16,29),('2022-12-08 03:14:17','2022-12-08 03:14:17',17,27),('2022-12-08 03:14:14','2022-12-08 03:14:14',17,29),('2022-12-08 03:14:28','2022-12-08 03:14:28',18,27),('2022-12-08 03:14:24','2022-12-08 03:14:24',18,29),('2022-12-08 03:14:40','2022-12-08 03:14:40',19,27),('2022-12-08 03:14:34','2022-12-08 03:14:34',19,29),('2022-12-08 03:14:50','2022-12-08 03:14:50',20,27),('2022-12-08 03:14:46','2022-12-08 03:14:46',20,29),('2022-12-07 08:57:22','2022-12-07 08:57:22',21,1),('2022-12-07 08:57:40','2022-12-07 08:57:40',21,8),('2022-12-07 08:57:53','2022-12-07 08:57:53',21,9),('2022-12-07 08:57:56','2022-12-07 08:57:56',21,10),('2022-12-07 08:58:28','2022-12-07 08:58:28',21,17),('2022-12-07 08:58:54','2022-12-07 08:58:54',21,19),('2022-12-07 08:59:02','2022-12-07 08:59:02',21,21),('2022-12-07 08:59:06','2022-12-07 08:59:06',21,22);
/*!40000 ALTER TABLE `team_match` ENABLE KEYS */;
UNLOCK TABLES;

--
-- Table structure for table `tournament`
--

DROP TABLE IF EXISTS `tournament`;
/*!40101 SET @saved_cs_client     = @@character_set_client */;
/*!50503 SET character_set_client = utf8mb4 */;
CREATE TABLE `tournament` (
  `id` int NOT NULL AUTO_INCREMENT,
  `name` varchar(255) NOT NULL,
  `description` text,
  `createdAt` datetime NOT NULL,
  `updatedAt` datetime NOT NULL,
  PRIMARY KEY (`id`),
  UNIQUE KEY `name` (`name`)
) ENGINE=InnoDB AUTO_INCREMENT=2 DEFAULT CHARSET=utf8mb4 COLLATE=utf8mb4_0900_ai_ci;
/*!40101 SET character_set_client = @saved_cs_client */;

--
-- Dumping data for table `tournament`
--

LOCK TABLES `tournament` WRITE;
/*!40000 ALTER TABLE `tournament` DISABLE KEYS */;
INSERT INTO `tournament` VALUES (1,'Procon Contest 2022','Procon 2022','2022-12-07 07:03:24','2022-12-07 07:03:24');
/*!40000 ALTER TABLE `tournament` ENABLE KEYS */;
UNLOCK TABLES;
/*!40103 SET TIME_ZONE=@OLD_TIME_ZONE */;

/*!40101 SET SQL_MODE=@OLD_SQL_MODE */;
/*!40014 SET FOREIGN_KEY_CHECKS=@OLD_FOREIGN_KEY_CHECKS */;
/*!40014 SET UNIQUE_CHECKS=@OLD_UNIQUE_CHECKS */;
/*!40101 SET CHARACTER_SET_CLIENT=@OLD_CHARACTER_SET_CLIENT */;
/*!40101 SET CHARACTER_SET_RESULTS=@OLD_CHARACTER_SET_RESULTS */;
/*!40101 SET COLLATION_CONNECTION=@OLD_COLLATION_CONNECTION */;
/*!40111 SET SQL_NOTES=@OLD_SQL_NOTES */;

-- Dump completed on 2022-12-08 10:42:44
